ID,Name,ImageFile,OriginalURL,PokeEne,HP,ATK,DEF,SP.ATK,SP.DEF,Speed,Type,Move,MoveType,Special,Rarity,Variant,Series
2-5-003★,レックウザ,2-5-003_star_kira.webp,https://pokemonfrienda.com/new/img/bt5/2-5-003★_kira.webp,382,189,179,109,179,109,4,"ドラゴン, ひこう",ガリョウテンセイ,ひこう,メガシンカ,5,色違い,その他
2-5-004★,ジガルデ,2-5-004_star_kira.webp,https://pokemonfrienda.com/new/img/bt5/2-5-004★_kira.webp,384,318,121,145,110,115,5,"じめん, ドラゴン",コアパニッシャー / にぎりひかり,ドラゴン,メガシンカ,5,色違い,その他
2-4-001,ジガルデ,2-4-001_kira.webp,https://pokemonfrienda.com/new/img/bt4/2-4-001_kira.webp,362,307,117,140,106,111,5,"じめん, ドラゴン",グランドフォース,じめん,,5,,ベストタッグ4だん
2-4-002,ギラティナ,2-4-002_kira.webp,https://pokemonfrienda.com/new/img/bt4/2-4-002_kira.webp,348,238,141,119,141,119,4,"ゴースト, ドラゴン",シャドーダイブ,ゴースト,,5,,ベストタッグ4だん
2-4-003,レジギガス,2-4-003_kira.webp,https://pokemonfrienda.com/new/img/bt4/2-4-003_kira.webp,340,192,187,130,86,130,3,ノーマル,アームハンマー,かくとう,,5,,ベストタッグ4だん
2-4-004,ルチャブル,2-4-004_kira.webp,https://pokemonfrienda.com/new/img/bt4/2-4-004_kira.webp,282,171,120,99,68,84,4,"かくとう, ひこう",ブレイブバード,ひこう,メガシンカ,5,,ベストタッグ4だん
2-4-005,カイリュー,2-4-005_kira.webp,https://pokemonfrienda.com/new/img/bt4/2-4-005_kira.webp,316,173,160,115,121,121,3,"ドラゴン, ひこう",ドラゴンダイブ,ひこう,メガシンカ,5,,ベストタッグ4だん
2-4-006,バンギラス,2-4-006_kira.webp,https://pokemonfrienda.com/new/img/bt4/2-4-006_kira.webp,316,184,160,132,115,121,3,"いわ, あく",ストーンエッジ,いわ,メガシンカ,5,,ベストタッグ4だん
2-4-007,ビクティニ,2-4-007_kira.webp,https://pokemonfrienda.com/new/img/bt4/2-4-007_kira.webp,316,184,121,121,121,121,4,"エスパー, ほのお",Vジェネレート,ほのお,Zわざ,5,,ベストタッグ4だん
2-4-008,ゼラオラ,2-4-008_kira.webp,https://pokemonfrienda.com/new/img/bt4/2-4-008_kira.webp,316,170,134,92,123,87,4,でんき,プラズマフィスト,でんき,Zわざ,5,,ベストタッグ4だん
2-4-009,カビゴン,2-4-009_kira.webp,https://pokemonfrienda.com/new/img/bt4/2-4-009_kira.webp,283,262,137,83,83,137,3,ノーマル,テラバースト,ステラ,テラスタル,4,,ベストタッグ4だん
2-4-010,シェイミ,2-4-010_kira.webp,https://pokemonfrienda.com/new/img/bt4/2-4-010_kira.webp,318,184,124,82,144,82,4,"くさ, フェアリー",テラバースト,ステラ,テラスタル,5,,ベストタッグ4だん
2-4-011,ファイアロー,2-4-011_kira.webp,https://pokemonfrienda.com/new/img/bt4/2-4-011_kira.webp,252,148,92,81,84,79,4,"ほのお, ひこう",ブレイブバード,ひこう,タッグわざ,4,,ベストタッグ4だん
2-4-012,フライゴン,2-4-012_kira.webp,https://pokemonfrienda.com/new/img/bt4/2-4-012_kira.webp,256,147,111,89,88,88,3,"じめん, ドラゴン",あなをほる,じめん,タッグわざ,4,,ベストタッグ4だん
2-4-013,ウツボット,2-4-013_kira.webp,https://pokemonfrienda.com/new/img/bt4/2-4-013_kira.webp,248,150,118,75,113,80,3,"くさ, どく",パワーウィップ,くさ,メガシンカ,3,,ベストタッグ4だん
2-4-014,チルタリス,2-4-014_kira.webp,https://pokemonfrienda.com/new/img/bt4/2-4-014_kira.webp,248,145,80,102,80,118,3,"ドラゴン, ひこう",りゅうのはどう,ドラゴン,メガシンカ,4,,ベストタッグ4だん
2-4-015,オノノクス,2-4-015_kira.webp,https://pokemonfrienda.com/new/img/bt4/2-4-015_kira.webp,250,141,157,98,67,77,3,ドラゴン,げきりん,ドラゴン,Zわざ,4,,ベストタッグ4だん
2-4-016,ケルディオ,2-4-016_kira.webp,https://pokemonfrienda.com/new/img/bt4/2-4-016_kira.webp,258,153,78,96,136,96,3,"みず, かくとう",テラバースト,ステラ,テラスタル,4,,ベストタッグ4だん
2-4-017,レジロック,2-4-017_kira.webp,https://pokemonfrienda.com/new/img/bt4/2-4-017_kira.webp,272,142,107,209,55,107,3,いわ,ストーンエッジ,いわ,,4,,ベストタッグ4だん
2-4-018,レジアイス,2-4-018_kira.webp,https://pokemonfrienda.com/new/img/bt4/2-4-018_kira.webp,272,142,56,107,107,203,2,こおり,れいとうビーム,こおり,,3,,ベストタッグ4だん
2-4-019,レジスチル,2-4-019_kira.webp,https://pokemonfrienda.com/new/img/bt4/2-4-019_kira.webp,272,142,81,158,81,158,3,はがね,ラスターカノン,はがね,,3,,ベストタッグ4だん
2-4-020,ガチゴラス,2-4-020_kira.webp,https://pokemonfrienda.com/new/img/bt4/2-4-020_kira.webp,256,149,133,131,78,87,3,"いわ, ドラゴン",ロックブラスト,いわ,,3,,ベストタッグ4だん
2-4-021,アマルルガ,2-4-021_kira.webp,https://pokemonfrienda.com/new/img/bt4/2-4-021_kira.webp,256,193,86,81,109,102,3,"こおり, いわ",つららばり,こおり,,3,,ベストタッグ4だん
2-4-022,デカヌチャン,2-4-022_kira.webp,https://pokemonfrienda.com/new/img/bt4/2-4-022_kira.webp,252,155,86,88,80,118,3,"はがね, フェアリー",デカハンマー,はがね,タッグわざ,3,,ベストタッグ4だん
2-4-023,テラパゴス,2-4-023_kira.webp,https://pokemonfrienda.com/new/img/bt4/2-4-023_kira.webp,280,157,101,117,112,117,3,ノーマル,テラクラスター,ステラ,テラスタル,4,,ベストタッグ4だん
2-4-024,ルカリオ,2-4-024_kira.webp,https://pokemonfrienda.com/new/img/bt4/2-4-024_kira.webp,256,137,121,79,128,79,4,"かくとう, はがね",インファイト,かくとう,メガシンカ,4,,ベストタッグ4だん
2-4-025,モモワロウ,2-4-025_kira.webp,https://pokemonfrienda.com/new/img/bt4/2-4-025_kira.webp,276,150,94,168,94,94,3,"どく, フェアリー",じゃどくのくさり,どく,,5,,ベストタッグ4だん
2-3-001,ザシアン,2-3-001_kira.webp,https://pokemonfrienda.com/new/img/bt3/2-3-001_kira.webp,344,168,170,131,83,131,5,はがね,きょじゅうざん,はがね,,5,,ベストタッグ3だん
2-3-002,ザマゼンタ,2-3-002_kira.webp,https://pokemonfrienda.com/new/img/bt3/2-3-002_kira.webp,344,168,137,159,63,159,4,"はがね, かくとう",きょじゅうだん,はがね,,5,,ベストタッグ3だん
2-3-003,フーパ,2-3-003_kira.webp,https://pokemonfrienda.com/new/img/bt3/2-3-003_kira.webp,333,153,181,71,152,148,3,"あく, エスパー",いじげんラッシュ,ゴースト,,5,,ベストタッグ3だん
2-3-004,リザードン,2-3-004_kira.webp,https://pokemonfrienda.com/new/img/bt3/2-3-004_kira.webp,282,163,105,98,135,107,3,"ほのお, ドラゴン",げきりん,ドラゴン,メガシンカ,5,,ベストタッグ3だん
2-3-005,メタグロス,2-3-005_kira.webp,https://pokemonfrienda.com/new/img/bt3/2-3-005_kira.webp,308,158,158,153,113,107,3,"はがね, エスパー",コメットパンチ,はがね,メガシンカ,5,,ベストタッグ3だん
2-3-006,ガブリアス,2-3-006_kira.webp,https://pokemonfrienda.com/new/img/bt3/2-3-006_kira.webp,308,190,153,113,86,101,3,"じめん, ドラゴン",あなをほる,じめん,メガシンカ,5,,ベストタッグ3だん
2-3-007,エルレイド,2-3-007_kira.webp,https://pokemonfrienda.com/new/img/bt3/2-3-007_kira.webp,288,151,155,83,83,143,4,"かくとう, エスパー",インファイト,かくとう,メガシンカ,5,,ベストタッグ3だん
2-3-008,マホイップ,2-3-008_kira.webp,https://pokemonfrienda.com/new/img/bt3/2-3-008_kira.webp,284,152,79,98,141,155,3,フェアリー,テラクラスター,ステラ,テラスタル,4,,ベストタッグ3だん
2-3-009,ブリジュラス,2-3-009_kira.webp,https://pokemonfrienda.com/new/img/bt3/2-3-009_kira.webp,303,169,124,153,147,73,3,"はがね, ドラゴン",テラクラスター,ステラ,テラスタル,5,,ベストタッグ3だん
2-3-010,イルカマン,2-3-010_kira.webp,https://pokemonfrienda.com/new/img/bt3/2-3-010_kira.webp,240,178,83,85,64,74,3,みず,ウェーブタックル,みず,,4,,ベストタッグ3だん
2-3-011,ピクシー,2-3-011_kira.webp,https://pokemonfrienda.com/new/img/bt3/2-3-011_kira.webp,240,163,79,82,105,100,3,フェアリー,マジカルシャイン,フェアリー,タッグわざ,3,,ベストタッグ3だん
2-3-012,エビワラー,2-3-012_kira.webp,https://pokemonfrienda.com/new/img/bt3/2-3-012_kira.webp,232,118,118,90,42,123,3,かくとう,インファイト,かくとう,タッグわざ,4,,ベストタッグ3だん
2-3-013,ストリンダー,2-3-013_kira.webp,https://pokemonfrienda.com/new/img/bt3/2-3-013_kira.webp,248,142,108,79,125,79,3,"でんき, どく",ヘドロウェーブ,どく,,4,,ベストタッグ3だん
2-3-014,スピアー,2-3-014_kira.webp,https://pokemonfrienda.com/new/img/bt3/2-3-014_kira.webp,224,145,111,52,55,53,3,"むし, どく",シザークロス,むし,メガシンカ,3,,ベストタッグ3だん
2-3-015,プテラ,2-3-015_kira.webp,https://pokemonfrienda.com/new/img/bt3/2-3-015_kira.webp,248,145,114,72,67,83,3,"いわ, ひこう",そらをとぶ,ひこう,メガシンカ,4,,ベストタッグ3だん
2-3-016,ヘルガー,2-3-016_kira.webp,https://pokemonfrienda.com/new/img/bt3/2-3-016_kira.webp,248,142,100,58,121,88,3,"あく, ほのお",かえんほうしゃ,ほのお,メガシンカ,4,,ベストタッグ3だん
2-3-017,ドオー,2-3-017_kira.webp,https://pokemonfrienda.com/new/img/bt3/2-3-017_kira.webp,228,211,89,72,55,117,2,"どく, じめん",テラバースト,みず,テラスタル,4,,ベストタッグ3だん
2-3-018,ドドゲザン,2-3-018_kira.webp,https://pokemonfrienda.com/new/img/bt3/2-3-018_kira.webp,264,166,145,129,87,93,3,"あく, はがね",テラバースト,ステラ,テラスタル,3,,ベストタッグ3だん
2-3-019,ブロスター,2-3-019_kira.webp,https://pokemonfrienda.com/new/img/bt3/2-3-019_kira.webp,248,138,82,98,132,98,2,みず,ハイドロポンプ,みず,Zわざ,3,,ベストタッグ3だん
2-3-020,ジバコイル,2-3-020_kira.webp,https://pokemonfrienda.com/new/img/bt3/2-3-020_kira.webp,256,134,77,124,140,98,3,でんき,でんじほう,でんき,,3,,ベストタッグ3だん
2-3-021,トゲキッス,2-3-021_kira.webp,https://pokemonfrienda.com/new/img/bt3/2-3-021_kira.webp,250,150,57,103,129,124,4,"フェアリー, ひこう",ゴッドバード,ひこう,,3,,ベストタッグ3だん
2-3-022,ヨノワール,2-3-022_kira.webp,https://pokemonfrienda.com/new/img/bt3/2-3-022_kira.webp,252,108,109,145,72,145,3,ゴースト,シャドーボール,ゴースト,,3,,ベストタッグ3だん
2-3-023,ウルガモス,2-3-023_kira.webp,https://pokemonfrienda.com/new/img/bt3/2-3-023_kira.webp,254,150,67,72,145,114,3,"ほのお, むし",フレアドライブ,ほのお,,3,,ベストタッグ3だん
2-3-024,アップリュー,2-3-024_kira.webp,https://pokemonfrienda.com/new/img/bt3/2-3-024_kira.webp,240,137,121,89,105,88,3,"くさ, ドラゴン",ドラゴンダイブ,ドラゴン,,3,,ベストタッグ3だん
2-3-025,タルップル,2-3-025_kira.webp,https://pokemonfrienda.com/new/img/bt3/2-3-025_kira.webp,240,179,95,89,111,89,3,"くさ, ドラゴン",りんごさん,くさ,,3,,ベストタッグ3だん
2-2-001,カイオーガ,2-2-001_kira.webp,https://pokemonfrienda.com/new/img/bt2/2-2-001_kira.webp,320,169,111,100,154,153,3,みず,ハイドロポンプ,みず,,5,,ベストタッグ2だん
2-2-002,グラードン,2-2-002_kira.webp,https://pokemonfrienda.com/new/img/bt2/2-2-002_kira.webp,320,169,184,153,111,100,3,じめん,１０まんばりき,じめん,,4,,ベストタッグ2だん
2-2-003,ギラティナ,2-2-003_kira.webp,https://pokemonfrienda.com/new/img/bt2/2-2-003_kira.webp,324,222,111,132,111,132,3,"ゴースト, ドラゴン",シャドークロー,ゴースト,,5,,ベストタッグ2だん
2-2-004,ハッサム,2-2-004_kira.webp,https://pokemonfrienda.com/new/img/bt2/2-2-004_kira.webp,293,149,155,121,85,97,4,"むし, はがね",シザークロス,むし,メガシンカ,5,,ベストタッグ2だん
2-2-005,サーナイト,2-2-005_kira.webp,https://pokemonfrienda.com/new/img/bt2/2-2-005_kira.webp,273,146,80,80,150,138,4,"エスパー, フェアリー",サイコキネシス,エスパー,メガシンカ,5,,ベストタッグ2だん
2-2-006,ボーマンダ,2-2-006_kira.webp,https://pokemonfrienda.com/new/img/bt2/2-2-006_kira.webp,300,169,153,93,126,93,3,"ドラゴン, ひこう",ドラゴンダイブ,ドラゴン,メガシンカ,5,,ベストタッグ2だん
2-2-007,ガチグマ,2-2-007_kira.webp,https://pokemonfrienda.com/new/img/bt2/2-2-007_kira.webp,288,195,84,141,158,92,3,"じめん, ノーマル",テラバースト,ノーマル,テラスタル,5,,ベストタッグ2だん
2-2-008,グレンアルマ,2-2-008_kira.webp,https://pokemonfrienda.com/new/img/bt2/2-2-008_kira.webp,280,166,74,121,150,97,3,"ほのお, エスパー",テラバースト,ステラ,テラスタル,4,,ベストタッグ2だん
2-2-009,シェイミ,2-2-009_kira.webp,https://pokemonfrienda.com/new/img/bt2/2-2-009_kira.webp,300,175,115,115,115,115,5,"くさ, フェアリー",エナジーボール,くさ,,5,,ベストタッグ2だん
2-2-010,カプ・コケコ,2-2-010_kira.webp,https://pokemonfrienda.com/new/img/bt2/2-2-010_kira.webp,232,144,133,100,111,86,4,"でんき, フェアリー",ガーディアン・デ・アローラ,フェアリー,Zわざ,5,,ベストタッグ2だん
2-2-011,シャンデラ,2-2-011_kira.webp,https://pokemonfrienda.com/new/img/bt2/2-2-011_kira.webp,244,122,61,96,152,98,3,"ほのお, ゴースト",シャドーボール,ゴースト,,4,,ベストタッグ2だん
2-2-012,ルガルガン,2-2-012_kira.webp,https://pokemonfrienda.com/new/img/bt2/2-2-012_kira.webp,232,147,122,81,61,81,3,いわ,ストーンエッジ,いわ,タッグわざ,4,,ベストタッグ2だん
2-2-013,グソクムシャ,2-2-013_kira.webp,https://pokemonfrienda.com/new/img/bt2/2-2-013_kira.webp,248,137,132,147,55,55,3,"むし, みず",であいがしら,むし,タッグわざ,4,,ベストタッグ2だん
2-2-014,ハガネール,2-2-014_kira.webp,https://pokemonfrienda.com/new/img/bt2/2-2-014_kira.webp,240,137,91,209,61,71,3,"はがね, じめん",アイアンテール,はがね,メガシンカ,4,,ベストタッグ2だん
2-2-015,アブソル,2-2-015_kira.webp,https://pokemonfrienda.com/new/img/bt2/2-2-015_kira.webp,228,129,140,67,63,67,3,あく,じごくづき,あく,メガシンカ,4,,ベストタッグ2だん
2-2-016,ユキノオー,2-2-016_kira.webp,https://pokemonfrienda.com/new/img/bt2/2-2-016_kira.webp,236,152,98,81,98,81,3,"くさ, こおり",ふぶき,こおり,メガシンカ,4,,ベストタッグ2だん
2-2-017,ルガルガン,2-2-017_kira.webp,https://pokemonfrienda.com/new/img/bt2/2-2-017_kira.webp,232,137,122,71,61,71,3,いわ,ストーンエッジ,いわ,Zわざ,3,,ベストタッグ2だん
2-2-018,ドレディア,2-2-018_kira.webp,https://pokemonfrienda.com/new/img/bt2/2-2-018_kira.webp,228,132,66,81,117,81,3,くさ,テラバースト,ステラ,テラスタル,4,,ベストタッグ2だん
2-2-019,ワルビアル,2-2-019_kira.webp,https://pokemonfrienda.com/new/img/bt2/2-2-019_kira.webp,244,157,124,86,71,76,3,"あく, じめん",テラバースト,ステラ,テラスタル,スペシャル,,ベストタッグ2だん
2-2-020,ヒードラン,2-2-020_kira.webp,https://pokemonfrienda.com/new/img/bt2/2-2-020_kira.webp,256,142,89,104,127,104,3,"ほのお, じめん",マグマストーム,ほのお,,4,,ベストタッグ2だん
2-2-021,ボルケニオン,2-2-021_kira.webp,https://pokemonfrienda.com/new/img/bt2/2-2-021_kira.webp,256,132,108,117,127,69,3,"ほのお, みず",スチームバースト,みず,,4,,ベストタッグ2だん
2-2-022,ライチュウ,2-2-022_kira.webp,https://pokemonfrienda.com/new/img/bt2/2-2-022_kira.webp,232,122,96,61,86,68,3,でんき,ボルトテッカー,でんき,,3,,ベストタッグ2だん
2-2-023,バイバニラ,2-2-023_kira.webp,https://pokemonfrienda.com/new/img/bt2/2-2-023_kira.webp,248,131,100,90,115,100,2,こおり,れいとうビーム,こおり,,4,,ベストタッグ2だん
2-2-024,リククラゲ,2-2-024_kira.webp,https://pokemonfrienda.com/new/img/bt2/2-2-024_kira.webp,244,142,76,71,88,127,3,"みず, じめん",だいちのちから,じめん,,4,,ベストタッグ2だん
2-2-025,スコヴィラン,2-2-025_kira.webp,https://pokemonfrienda.com/new/img/bt2/2-2-025_kira.webp,232,127,115,71,115,71,3,"くさ, ほのお",ソーラービーム,くさ,,3,,ベストタッグ2だん
2-1-001,ミュウツー,2-1-001_kira.webp,https://pokemonfrienda.com/new/img/bt1/2-1-001_kira.webp,312,169,117,98,152,98,5,エスパー,サイコブレイク,エスパー,,5,,ベストタッグ1だん
2-1-002,ソルガレオ,2-1-002_kira.webp,https://pokemonfrienda.com/new/img/bt1/2-1-002_kira.webp,312,200,144,114,120,95,5,"はがね, エスパー",メテオドライブ,はがね,,5,,ベストタッグ1だん
2-1-003,ルナアーラ,2-1-003_kira.webp,https://pokemonfrienda.com/new/img/bt1/2-1-003_kira.webp,312,200,120,95,144,114,4,"エスパー, ゴースト",シャドーレイ,ゴースト,,5,,ベストタッグ1だん
2-1-004,モモワロウ,2-1-004_kira.webp,https://pokemonfrienda.com/new/img/bt1/2-1-004_kira.webp,288,158,98,174,88,88,4,"どく, フェアリー",じゃどくのくさり,どく,,5,,ベストタッグ1だん
2-1-005,ジラーチ,2-1-005_kira.webp,https://pokemonfrienda.com/new/img/bt1/2-1-005_kira.webp,288,169,111,111,111,111,4,"エスパー, はがね",ちょうじょうせつせんれんげき,はがね,Zわざ,5,,ベストタッグ1だん
2-1-006,ゲンガー,2-1-006_kira.webp,https://pokemonfrienda.com/new/img/bt1/2-1-006_kira.webp,260,133,77,72,150,89,3,ゴースト,シャドーボール,ゴースト,メガシンカ,5,,ベストタッグ1だん
2-1-007,ギャラドス,2-1-007_kira.webp,https://pokemonfrienda.com/new/img/bt1/2-1-007_kira.webp,272,169,142,91,71,115,4,"みず, ひこう",かみくだく,あく,メガシンカ,5,,ベストタッグ1だん
2-1-008,ルカリオ,2-1-008_kira.webp,https://pokemonfrienda.com/new/img/bt1/2-1-008_kira.webp,268,142,128,82,131,82,3,"かくとう, はがね",インファイト,かくとう,メガシンカ,4,,ベストタッグ1だん
2-1-009,サーナイト,2-1-009_kira.webp,https://pokemonfrienda.com/new/img/bt1/2-1-009_kira.webp,264,139,78,78,142,131,3,"エスパー, フェアリー",マジカルシャイン,フェアリー,テラスタル,5,,ベストタッグ1だん
2-1-010,カミツオロチ,2-1-010_kira.webp,https://pokemonfrienda.com/new/img/bt1/2-1-010_kira.webp,278,181,93,128,137,93,3,"くさ, ドラゴン",テラバースト,ステラ,テラスタル,5,,ベストタッグ1だん
2-1-011,メガニウム,2-1-011_kira.webp,https://pokemonfrienda.com/new/img/bt1/2-1-011_kira.webp,244,140,87,105,88,105,3,くさ,ソーラービーム,くさ,タッグわざ,4,,ベストタッグ1だん
2-1-012,バクフーン,2-1-012_kira.webp,https://pokemonfrienda.com/new/img/bt1/2-1-012_kira.webp,248,138,89,83,114,90,3,ほのお,かえんほうしゃ,ほのお,タッグわざ,4,,ベストタッグ1だん
2-1-013,オーダイル,2-1-013_kira.webp,https://pokemonfrienda.com/new/img/bt1/2-1-013_kira.webp,248,145,110,105,84,88,3,みず,ハイドロポンプ,みず,タッグわざ,4,,ベストタッグ1だん
2-1-014,ニドキング,2-1-014_kira.webp,https://pokemonfrienda.com/new/img/bt1/2-1-014_kira.webp,236,141,107,82,80,80,3,"じめん, どく",だいちのちから,じめん,,3,,ベストタッグ1だん
2-1-015,ヘラクロス,2-1-015_kira.webp,https://pokemonfrienda.com/new/img/bt1/2-1-015_kira.webp,228,137,127,78,44,68,3,"むし, かくとう",メガホーン,むし,メガシンカ,4,,ベストタッグ1だん
2-1-016,ヤミラミ,2-1-016_kira.webp,https://pokemonfrienda.com/new/img/bt1/2-1-016_kira.webp,212,128,92,92,80,80,2,"ゴースト, あく",シャドーボール,ゴースト,メガシンカ,3,,ベストタッグ1だん
2-1-017,クチート,2-1-017_kira.webp,https://pokemonfrienda.com/new/img/bt1/2-1-017_kira.webp,212,128,103,103,88,88,3,"フェアリー, はがね",じゃれつく,フェアリー,メガシンカ,4,,ベストタッグ1だん
2-1-018,ピカチュウ,2-1-018_kira.webp,https://pokemonfrienda.com/new/img/bt1/2-1-018_kira.webp,208,122,77,57,71,71,3,でんき,テラバースト,でんき,テラスタル,3,,ベストタッグ1だん
2-1-019,マニューラ,2-1-019_kira.webp,https://pokemonfrienda.com/new/img/bt1/2-1-019_kira.webp,240,132,127,71,50,51,3,"こおり, あく",じごくづき,あく,Zわざ,4,,ベストタッグ1だん
2-1-020,アローラキュウコン,2-1-020_kira.webp,https://pokemonfrienda.com/new/img/bt1/2-1-020_kira.webp,240,135,73,81,87,107,3,"こおり, フェアリー",ふぶき,こおり,,4,,ベストタッグ1だん
2-1-021,ネギガナイト,2-1-021_kira.webp,https://pokemonfrienda.com/new/img/bt1/2-1-021_kira.webp,240,124,142,101,74,88,3,"かくとう, ひこう",スターアサルト,かくとう,,3,,ベストタッグ1だん
2-1-022,モトトカゲ,2-1-022_kira.webp,https://pokemonfrienda.com/new/img/bt1/2-1-022_kira.webp,236,132,101,71,81,71,3,"ドラゴン, どく",ドラゴンダイブ,ドラゴン,,3,,ベストタッグ1だん
2-1-023,キラフロル,2-1-023_kira.webp,https://pokemonfrienda.com/new/img/bt1/2-1-023_kira.webp,244,143,60,95,135,88,3,"どく, いわ",ヘドロウェーブ,どく,,4,,ベストタッグ1だん
2-1-024,リキキリン,2-1-024_kira.webp,https://pokemonfrienda.com/new/img/bt1/2-1-024_kira.webp,244,180,95,75,115,75,3,"ノーマル, エスパー",ツインビーム,ノーマル,,4,,ベストタッグ1だん
2-1-025,ヤバソチャ,2-1-025_kira.webp,https://pokemonfrienda.com/new/img/bt1/2-1-025_kira.webp,240,133,66,113,123,86,3,ゴースト,シャドーボール,ゴースト,,3,,ベストタッグ1だん
1-5-001,ゼルネアス,1-5-001_kira.webp,https://pokemonfrienda.com/new/img/5/1-5-001_kira.webp,282,178,130,98,130,93,3,フェアリー,ムーンフォース,フェアリー,,5,,5だん
1-5-002,イベルタル,1-5-002_kira.webp,https://pokemonfrienda.com/new/img/5/1-5-002_kira.webp,292,178,130,96,130,93,4,"あく, ひこう",あくのはどう,あく,,5,,5だん
1-5-003,テラパゴス,1-5-003_kira.webp,https://pokemonfrienda.com/new/img/5/1-5-003_kira.webp,276,155,100,115,110,115,3,ノーマル,テラクラスター,ステラ,テラスタル,4,,5だん
1-5-004,タケルライコ,1-5-004_kira.webp,https://pokemonfrienda.com/new/img/5/1-5-004_kira.webp,272,185,78,96,142,84,4,"でんき, ドラゴン",テラバースト,ステラ,テラスタル,5,,5だん
1-5-005,ウネルミナモ,1-5-005_kira.webp,https://pokemonfrienda.com/new/img/5/1-5-005_kira.webp,272,159,88,96,130,83,3,"みず, ドラゴン",ハイドロポンプ,みず,テラスタル,5,,5だん
1-5-006,ウガツホムラ,1-5-006_kira.webp,https://pokemonfrienda.com/new/img/5/1-5-006_kira.webp,272,165,120,128,70,83,4,"ほのお, ドラゴン",だいふんげき,ほのお,テラスタル,5,,5だん
1-5-007,ボーマンダ,1-5-007_kira.webp,https://pokemonfrienda.com/new/img/5/1-5-007_kira.webp,278,155,140,85,115,85,3,"ドラゴン, ひこう",ドラゴンダンブ,ドラゴン,Zわざ,5,,5だん
1-5-008,ジャラランガ,1-5-008_kira.webp,https://pokemonfrienda.com/new/img/5/1-5-008_kira.webp,276,135,115,130,105,110,3,"ドラゴン, かくとう",きあいだま,かくとう,Zわざ,5,,5だん
1-5-009,イッカネズミ,1-5-009_kira.webp,https://pokemonfrienda.com/new/img/5/1-5-009_kira.webp,252,151,90,84,78,81,3,ノーマル,ネズミさん,ノーマル,,4,,5だん
1-5-010,ヘイラッシャ,1-5-010_kira.webp,https://pokemonfrienda.com/new/img/5/1-5-010_kira.webp,284,226,113,129,75,75,1,みず,いっちょうあがり,みず,,5,,5だん
1-5-011,ジャローダ,1-5-011_kira.webp,https://pokemonfrienda.com/new/img/5/1-5-011_kira.webp,232,127,75,94,75,84,3,"くさ, ドラゴン",リーフストーム,くさ,Zわざ,3,,5だん
1-5-012,エンブオー,1-5-012_kira.webp,https://pokemonfrienda.com/new/img/5/1-5-012_kira.webp,232,160,120,86,86,86,4,"ほのお, かくとう",フレアドライブ,ほのお,Zわざ,4,,5だん
1-5-013,ダイケンキ,1-5-013_kira.webp,https://pokemonfrienda.com/new/img/5/1-5-013_kira.webp,232,148,99,84,105,70,3,みず,ハイドロポンプ,みず,Zわざ,4,,5だん
1-5-014,アラブルタケ,1-5-014_kira.webp,https://pokemonfrienda.com/new/img/5/1-5-014_kira.webp,240,158,121,96,77,98,3,"くさ, あく",ソーラービーム,くさ,,4,,5だん
1-5-015,スナノケガワ,1-5-015_kira.webp,https://pokemonfrienda.com/new/img/5/1-5-015_kira.webp,240,134,79,94,116,83,4,"じめん, でんき",だいちのちから,じめん,,4,,5だん
1-5-016,テツノワダチ,1-5-016_kira.webp,https://pokemonfrienda.com/new/img/5/1-5-016_kira.webp,240,138,108,115,71,88,3,"じめん, はがね",アイアンヘッド,はがね,,3,,5だん
1-5-017,テツノドクガ,1-5-017_kira.webp,https://pokemonfrienda.com/new/img/5/1-5-017_kira.webp,240,129,69,60,133,106,4,"ほのお, どく",ヘドロウェーブ,どく,,4,,5だん
1-5-018,エルレイド,1-5-018_kira.webp,https://pokemonfrienda.com/new/img/5/1-5-018_kira.webp,228,120,122,66,66,113,3,"かくとう, エスパー",テラバースト,ステラ,テラスタル,3,,5だん
1-5-019,ブリムオン,1-5-019_kira.webp,https://pokemonfrienda.com/new/img/5/1-5-019_kira.webp,224,110,89,94,132,101,3,"エスパー, フェアリー",テラバースト,ステラ,テラスタル,4,,5だん
1-5-020,ハラバリー,1-5-020_kira.webp,https://pokemonfrienda.com/new/img/5/1-5-020_kira.webp,220,159,85,90,101,83,2,でんき,10まんボルト,でんき,テラスタル,4,,5だん
1-5-021,シャリタツ,1-5-021_kira.webp,https://pokemonfrienda.com/new/img/5/1-5-021_kira.webp,216,123,53,82,120,86,3,"みず, ドラゴン",りゅうのはどう,ドラゴン,,3,,5だん
1-5-022,エーフィ,1-5-022_kira.webp,https://pokemonfrienda.com/new/img/5/1-5-022_kira.webp,228,118,66,61,127,64,4,エスパー,サイコキネシス,エスパー,,3,,5だん
1-5-023,ブラッキー,1-5-023_kira.webp,https://pokemonfrienda.com/new/img/5/1-5-023_kira.webp,228,146,86,108,61,127,3,あく,あくのはどう,あく,,4,,5だん
1-5-024,グレイシア,1-5-024_kira.webp,https://pokemonfrienda.com/new/img/5/1-5-024_kira.webp,228,118,81,108,127,84,3,こおり,ふぶき,こおり,,3,,5だん
1-5-025,リーフィア,1-5-025_kira.webp,https://pokemonfrienda.com/new/img/5/1-5-025_kira.webp,228,118,108,127,61,65,3,くさ,リーフブレード,くさ,,3,,5だん
1-4-001,レシラム,1-4-001_kira.webp,https://pokemonfrienda.com/new/img/4/1-4-001_kira.webp,284,148,115,97,143,115,4,"ほのお, ドラゴン",クロスフレイム,ほのお,,5,,4だん
1-4-002,ゼクロム,1-4-002_kira.webp,https://pokemonfrienda.com/new/img/4/1-4-002_kira.webp,284,148,143,115,115,87,4,"でんき, ドラゴン",クロスサンダー,でんき,Zわざ,5,,4だん
1-4-003,キュレム,1-4-003_kira.webp,https://pokemonfrienda.com/new/img/4/1-4-003_kira.webp,278,171,124,87,124,87,3,"こおり, ドラゴン",ふぶき,こおり,,4,,4だん
1-4-004,オーガポン,1-4-004_kira.webp,https://pokemonfrienda.com/new/img/4/1-4-004_kira.webp,248,137,122,87,63,63,4,みず,テラバースト,ステラ,テラスタル,4,,4だん
1-4-005,テツノイサハ,1-4-005_kira.webp,https://pokemonfrienda.com/new/img/4/1-4-005_kira.webp,260,144,129,89,72,108,3,"くさ, はがね",テラバースト,ステラ,テラスタル,5,,4だん
1-4-006,テツノイワオ,1-4-006_kira.webp,https://pokemonfrienda.com/new/img/4/1-4-006_kira.webp,280,144,120,81,70,108,4,"はがね, いわ",ストーンエッジ,いわ,テラスタル,4,,4だん
1-4-007,テツノカシラ,1-4-007_kira.webp,https://pokemonfrienda.com/new/img/4/1-4-007_kira.webp,260,144,74,101,122,108,4,"はがね, エスパー",テラバースト,ステラ,テラスタル,5,,4だん
1-4-008,バンギラス,1-4-008_kira.webp,https://pokemonfrienda.com/new/img/4/1-4-008_kira.webp,284,154,133,110,86,101,4,"いわ, あく",ストーンエッジ,いわ,Zわざ,5,,4だん
1-4-009,メタグロス,1-4-009_kira.webp,https://pokemonfrienda.com/new/img/4/1-4-009_kira.webp,234,134,134,129,86,91,3,"はがね, エスパー",コメットパンチ,はがね,Zわざ,4,,4だん
1-4-010,ウガツホムラ,1-4-010_kira.webp,https://pokemonfrienda.com/new/img/4/1-4-010_kira.webp,260,158,115,121,67,84,5,"ほのお, ドラゴン",だいぶんげき,ほのお,,5,,4だん
1-4-011,ブリガロン,1-4-011_kira.webp,https://pokemonfrienda.com/new/img/4/1-4-011_kira.webp,216,131,99,112,70,71,3,"くさ, かくとう",アームハンマー,かくとう,,3,,4だん
1-4-012,マフォクシー,1-4-012_kira.webp,https://pokemonfrienda.com/new/img/4/1-4-012_kira.webp,220,120,65,88,105,93,3,"ほのお, エスパー",だいもんじ,ほのお,,4,,4だん
1-4-013,ゲッコウガ,1-4-013_kira.webp,https://pokemonfrienda.com/new/img/4/1-4-013_kira.webp,216,117,88,63,85,67,5,"みず, あく",みずしゅりけん,みず,,3,,4だん
1-4-014,サケブシッポ,1-4-014_kira.webp,https://pokemonfrienda.com/new/img/4/1-4-014_kira.webp,224,151,60,90,60,103,3,フェアリー,じゃれつく,フェアリー,,4,,4だん
1-4-015,ハバタクカミ,1-4-015_kira.webp,https://pokemonfrienda.com/new/img/4/1-4-015_kira.webp,228,100,52,52,121,121,3,"ゴースト, フェアリー",シャドーボール,ゴースト,,3,,4だん
1-4-016,テツノツツミ,1-4-016_kira.webp,https://pokemonfrienda.com/new/img/4/1-4-016_kira.webp,228,101,73,103,111,88,3,こおり,れいとうビーム,こおり,,4,,4だん
1-4-017,テツノカイナ,1-4-017_kira.webp,https://pokemonfrienda.com/new/img/4/1-4-017_kira.webp,228,185,125,97,48,63,3,"かくとう, でんき",インファイト,かくとう,,3,,4だん
1-4-018,バウッツェル,1-4-018_kira.webp,https://pokemonfrienda.com/new/img/4/1-4-018_kira.webp,204,106,77,108,50,77,3,フェアリー,じゃれつく,フェアリー,テラスタル,4,,4だん
1-4-019,デカヌチャン,1-4-019_kira.webp,https://pokemonfrienda.com/new/img/4/1-4-019_kira.webp,208,128,71,72,66,57,3,"はがね, フェアリー",テラバースト,ステラ,テラスタル,4,,4だん
1-4-020,オンバーン,1-4-020_kira.webp,https://pokemonfrienda.com/new/img/4/1-4-020_kira.webp,220,128,86,75,90,75,3,"ひこう, ドラゴン",エアスラッシュ,ひこう,テラスタル,4,,4だん
1-4-021,ギガイアス,1-4-021_kira.webp,https://pokemonfrienda.com/new/img/4/1-4-021_kira.webp,212,128,123,119,57,75,2,いわ,ストーンエッジ,いわ,Zわざ,3,,4だん
1-4-022,シビルドン,1-4-022_kira.webp,https://pokemonfrienda.com/new/img/4/1-4-022_kira.webp,212,128,108,75,87,75,4,でんき,でんじほう,でんき,Zわざ,4,,4だん
1-4-023,ファイアロー,1-4-023_kira.webp,https://pokemonfrienda.com/new/img/4/1-4-023_kira.webp,208,122,76,87,70,65,3,"ほのお, ひこう",ブレイブバード,ひこう,タッグわざ,3,,4だん
1-4-024,ラプラス,1-4-024_kira.webp,https://pokemonfrienda.com/new/img/4/1-4-024_kira.webp,220,168,79,75,79,85,3,"みず, こおり",れいとうビーム,こおり,,4,,4だん
1-4-025,バサギリ,1-4-025_kira.webp,https://pokemonfrienda.com/new/img/4/1-4-025_kira.webp,208,115,123,88,44,86,5,"むし, いわ",がんせきアックス,いわ,,3,,4だん
1-3-001,テラパゴス,1-3-001_kira.webp,https://pokemonfrienda.com/new/img/3/1-3-001_kira.webp,256,148,94,108,103,108,3,ノーマル,テラクラスター,ステラ,テラスタル,4,,3だん
1-3-002,オーガポン,1-3-002_kira.webp,https://pokemonfrienda.com/new/img/3/1-3-002_kira.webp,240,132,117,83,81,85,4,くさ,テラバースト,ノーマル,,5,,3だん
1-3-003,デオキシス,1-3-003_kira.webp,https://pokemonfrienda.com/new/img/3/1-3-003_kira.webp,260,104,148,52,148,52,5,エスパー,サイコブースト,エスパー,,5,,3だん
1-3-004,ケルディオ,1-3-004_kira.webp,https://pokemonfrienda.com/new/img/3/1-3-004_kira.webp,24B,142,72,89,128,88,4,"みず, かくとう",しんぴのつるぎ,かくとう,Zわざ,5,,3だん
1-3-005,ザルード,1-3-005_kira.webp,https://pokemonfrienda.com/new/img/3/1-3-005_kira.webp,258,155,117,103,70,84,4,"あく, くさ",パワーウィップ,くさ,,5,,3だん
1-3-006,ドドゲザン,1-3-006_kira.webp,https://pokemonfrienda.com/new/img/3/1-3-006_kira.webp,240,151,131,117,81,84,4,"あく, はがね",ドゲザン,はがね,,5,,3だん
1-3-007,リザードン,1-3-007_kira.webp,https://pokemonfrienda.com/new/img/3/1-3-007_kira.webp,232,130,83,78,107,84,5,"ひこう, ほのお",かえんばくしゃ,ほのお,テラスタル,5,,3だん
1-3-008,トドロクツキ,1-3-008_kira.webp,https://pokemonfrienda.com/new/img/3/1-3-008_kira.webp,252,155,135,71,66,69,3,"あく, ドラゴン",テラバースト,ステラ,テラスタル,5,,3だん
1-3-009,テツノブジン,1-3-009_kira.webp,https://pokemonfrienda.com/new/img/3/1-3-009_kira.webp,252,128,127,89,117,81,3,"かくとう, フェアリー",テラバースト,ステラ,テラスタル,5,,3だん
1-3-010,レックウザ,1-3-010_kira.webp,https://pokemonfrienda.com/new/img/3/1-3-010_kira.webp,272,148,137,84,137,84,4,"ドラゴン, ひこう",ガリョウテンセイ,ひこう,タッグわざ,5,,3だん
1-3-011,ドダイトス,1-3-011_kira.webp,https://pokemonfrienda.com/new/img/3/1-3-011_kira.webp,200,128,94,91,66,74,4,"くさ, じめん",リーフストーム,くさ,Zわざ,4,,3だん
1-3-012,ゴウカザル,1-3-012_kira.webp,https://pokemonfrienda.com/new/img/3/1-3-012_kira.webp,204,113,90,63,80,63,3,"ほのお, かくとう",インファイト,かくとう,,4,,3だん
1-3-013,エンペルト,1-3-013_kira.webp,https://pokemonfrienda.com/new/img/3/1-3-013_kira.webp,204,119,75,77,86,87,3,"みず, はがね",ラスターカノン,はがね,タッグわざ,3,,3だん
1-3-014,イダイナキバ,1-3-014_kira.webp,https://pokemonfrienda.com/new/img/3/1-3-014_kira.webp,212,142,109,109,47,47,3,"かくとう, じめん",インファイト,かくとう,,4,,3だん
1-3-015,チヲハウハネ,1-3-015_kira.webp,https://pokemonfrienda.com/new/img/3/1-3-015_kira.webp,212,118,113,88,75,88,4,むし,であいがしら,むし,,4,,3だん
1-3-016,テツノコウベ,1-3-016_kira.webp,https://pokemonfrienda.com/new/img/3/1-3-016_kira.webp,212,125,69,73,102,66,3,"あく, ひこう",エアスラッシュ,ひこう,,3,,3だん
1-3-017,テツノイバラ,1-3-017_kira.webp,https://pokemonfrienda.com/new/img/3/1-3-017_kira.webp,212,130,112,93,81,72,3,"いわ, でんき",ストーンエッジ,いわ,,4,,3だん
1-3-018,タギングル,1-3-018_kira.webp,https://pokemonfrienda.com/new/img/3/1-3-018_kira.webp,196,107,86,80,73,66,3,どく,どくづき,どく,,3,,3だん
1-3-019,クエスパトラ,1-3-019_kira.webp,https://pokemonfrienda.com/new/img/3/1-3-019_kira.webp,196,134,56,56,81,81,3,エスパー,サイコキネシス,エスパー,,3,,3だん
1-3-020,エクスレッグ,1-3-020_kira.webp,https://pokemonfrienda.com/new/img/3/1-3-020_kira.webp,188,116,94,73,50,53,3,"むし, あく",じごくづき,あく,,3,,3だん
1-3-021,プクリン,1-3-021_kira.webp,https://pokemonfrienda.com/new/img/3/1-3-021_kira.webp,184,177,66,44,75,45,3,フェアリー,じゃれつく,フェアリー,テラスタル,4,,3だん
1-3-022,ゴチルゼル,1-3-022_kira.webp,https://pokemonfrienda.com/new/img/3/1-3-022_kira.webp,186,110,51,84,84,87,5,エスパー,テラバースト,ステラ,テラスタル,4,,3だん
1-3-023,ソウブレイズ,1-3-023_kira.webp,https://pokemonfrienda.com/new/img/3/1-3-023_kira.webp,200,112,107,70,64,67,3,"ほのお, ゴースト",テラバースト,ステラ,テラスタル,4,,3だん
1-3-024,オリーヴァ,1-3-024_kira.webp,https://pokemonfrienda.com/new/img/3/1-3-024_kira.webp,198,114,81,78,107,84,3,"くさ, ノーマル",エナジーボール,くさ,,4,,3だん
1-3-025,ガラルファイヤー,1-3-025_kira.webp,https://pokemonfrienda.com/new/img/3/1-3-025_kira.webp,216,122,73,77,85,105,3,"あく, ひこう",もえあがるいかり,あく,,3,,3だん
1-2-001,レックウザ,1-2-001_kira.webp,https://pokemonfrienda.com/new/img/2/1-2-001_kira.webp,260,140,131,80,131,80,4,"ドラゴン, ひこう",ガリョウテンセイ,ひこう,Zわざ,4,,2だん
1-2-002,ルギア,1-2-002_kira.webp,https://pokemonfrienda.com/new/img/2/1-2-002_kira.webp,260,141,80,114,80,134,4,"エスパー, ひこう",エアロブラスト,ひこう,,5,,2だん
1-2-003,ホウオウ,1-2-003_kira.webp,https://pokemonfrienda.com/new/img/2/1-2-003_kira.webp,260,141,114,80,87,134,3,"ほのお, ひこう",せいなるほのお,ほのお,,5,,2だん
1-2-004,オーガポン,1-2-004_kira.webp,https://pokemonfrienda.com/new/img/2/1-2-004_kira.webp,228,127,113,80,59,81,4,くさ,テラバースト,ステラ,,5,,2だん
1-2-005,オーガポン,1-2-005_kira.webp,https://pokemonfrienda.com/new/img/2/1-2-005_kira.webp,229,127,113,80,59,51,4,くさ,テラバースト,ステラ,テラスタル,5,,2だん
1-2-006,メルメタル,1-2-006_kira.webp,https://pokemonfrienda.com/new/img/2/1-2-006_kira.webp,240,172,130,130,75,62,1,はがね,ダブルパンツァー,はがね,,5,,2だん
1-2-007,デカヌチャン,1-2-007_kira.webp,https://pokemonfrienda.com/new/img/2/1-2-007_kira.webp,212,131,72,74,88,89,5,"はがね, フェアリー",デカハンマー,はがね,,5,,2だん
1-2-008,ブリガロン,1-2-008_kira.webp,https://pokemonfrienda.com/new/img/2/1-2-008_kira.webp,220,134,101,114,71,72,2,"くさ, かくとう",アームハンマー,かくとう,Zわざ,4,,2だん
1-2-009,マフォクシー,1-2-009_kira.webp,https://pokemonfrienda.com/new/img/2/1-2-009_kira.webp,224,122,67,69,107,69,4,"ほのお, エスパー",だいもんじ,ほのお,Zわざ,4,,2だん
1-2-010,ゲッコウガ,1-2-010_kira.webp,https://pokemonfrienda.com/new/img/2/1-2-010_kira.webp,310,119,90,65,97,68,4,"みず, あく",みずしゅりけん,みず,Zわざ,5,,2だん
1-2-011,チオンジェン,1-2-011_kira.webp,https://pokemonfrienda.com/new/img/2/1-2-011_kira.webp,200,112,69,81,77,107,2,くさ,エナジーボール,くさ,,3,,2だん
1-2-012,パオジアン,1-2-012_kira.webp,https://pokemonfrienda.com/new/img/2/1-2-012_kira.webp,200,108,96,65,73,54,4,こおり,アイススピナー,こおり,,4,,2だん
1-2-013,ディンルー,1-2-013_kira.webp,https://pokemonfrienda.com/new/img/2/1-2-013_kira.webp,200,165,88,100,48,65,3,じめん,あなをほる,じめん,,3,,2だん
1-2-014,イーユイ,1-2-014_kira.webp,https://pokemonfrienda.com/new/img/2/1-2-014_kira.webp,200,89,65,65,107,96,3,ほのお,かえんほうしゃ,ほのお,,3,,2だん
1-2-015,マスカーニャ,1-2-015_kira.webp,https://pokemonfrienda.com/new/img/2/1-2-015_kira.webp,188,105,88,58,88,58,4,"くさ, あく",トリックフラワー,くさ,,4,,2だん
1-2-016,ラウドボーン,1-2-016_kira.webp,https://pokemonfrienda.com/new/img/2/1-2-016_kira.webp,182,127,82,81,88,82,3,"ほのお, ゴースト",フレアソング,ほのお,,3,,2だん
1-2-017,ウェーニバル,1-2-017_kira.webp,https://pokemonfrienda.com/new/img/2/1-2-017_kira.webp,188,112,96,65,69,62,3,"みず, かくとう",アクアステップ,みず,,4,,2だん
1-2-018,アーマーガア,1-2-018_kira.webp,https://pokemonfrienda.com/new/img/2/1-2-018_kira.webp,180,122,71,84,45,59,2,"はがね, ひこう",テラバースト,ステラ,テラスタル,3,,2だん
1-2-019,パーモット,1-2-019_kira.webp,https://pokemonfrienda.com/new/img/2/1-2-019_kira.webp,178,101,92,58,55,50,4,"かくとう, でんき",でんこうそうげき,でんき,テラスタル,3,,2だん
1-2-020,キョジオーン,1-2-020_kira.webp,https://pokemonfrienda.com/new/img/2/1-2-020_kira.webp,180,124,81,103,39,73,2,いわ,ストーンエッジ,いわ,,4,,2だん
1-2-021,ボスゴドラ,1-2-021_kira.webp,https://pokemonfrienda.com/new/img/2/1-2-021_kira.webp,188,101,88,141,50,50,2,"はがね, いわ",アイアンテール,はがね,Zわざ,4,,2だん
1-2-022,キテルグマ,1-2-022_kira.webp,https://pokemonfrienda.com/new/img/2/1-2-022_kira.webp,180,139,100,65,45,50,2,"かくとう, ノーマル",アームハンマー,かくとう,Zわざ,3,,2だん
1-2-023,パルデアケンタロス,1-2-023_kira.webp,https://pokemonfrienda.com/new/img/2/1-2-023_kira.webp,176,105,88,84,29,59,4,かくとう,ボディプレス,かくとう,,3,,2だん
1-2-024,ブロロローム,1-2-024_kira.webp,https://pokemonfrienda.com/new/img/2/1-2-024_kira.webp,180,108,95,73,49,55,3,"どく, はがね",ホイールスピン,はがね,,3,,2だん
1-2-025,ハカドッグ,1-2-025_kira.webp,https://pokemonfrienda.com/new/img/2/1-2-025_kira.webp,176,102,81,81,49,78,3,ゴースト,ゴーストダイブ,ゴースト,,3,,2だん
1-1-001,コライドン,1-1-001_kira.webp,https://pokemonfrienda.com/new/img/1/1-1-001_kira.webp,244,130,113,97,73,85,4,"かくとう, ドラゴン",アクセルブレイク,かくとう,,5,,1だん
1-1-002,ミライドン,1-1-002_kira.webp,https://pokemonfrienda.com/new/img/1/1-1-002_kira.webp,244,130,73,85,113,97,4,"でんき, ドラゴン",イナズマドライブ,でんき,,5,,1だん
1-1-003,オーガポン,1-1-003_kira.webp,https://pokemonfrienda.com/new/img/1/1-1-003_kira.webp,220,121,108,77,56,67,4,くさ,ツタこんぼう,くさ,,4,,1だん
1-1-004,マスカーニャ,1-1-004_kira.webp,https://pokemonfrienda.com/new/img/1/1-1-004_kira.webp,218,118,99,65,74,65,4,"くさ, あく",トリックフラワー,くさ,テラスタル,5,,1だん
1-1-005,ラウドボーン,1-1-005_kira.webp,https://pokemonfrienda.com/new/img/1/1-1-005_kira.webp,212,142,89,91,89,89,2,"ほのお, ゴースト",フレアソング,ほのお,テラスタル,5,,1だん
1-1-006,ウェーニバル,1-1-006_kira.webp,https://pokemonfrienda.com/new/img/1/1-1-006_kira.webp,312,128,108,73,75,66,4,"みず, かくとう",アクアステップ,みず,テラスタル,5,,1だん
1-1-007,ルカリオ,1-1-007_kira.webp,https://pokemonfrienda.com/new/img/1/1-1-007_kira.webp,212,113,99,65,103,65,3,"かくとう, はがね",きあいだま,かくとう,テラスタル,4,,1だん
1-1-008,セレビィ,1-1-008_kira.webp,https://pokemonfrienda.com/new/img/1/1-1-008_kira.webp,224,130,85,85,85,85,5,"くさ, エスパー",リーフストーム,くさ,Zわざ,5,,1だん
1-1-009,ウインディ,1-1-009_kira.webp,https://pokemonfrienda.com/new/img/1/1-1-009_kira.webp,280,130,99,73,81,73,4,ほのお,だいもんじ,ほのお,Zわざ,5,,1だん
1-1-010,ミロカロス,1-1-010_kira.webp,https://pokemonfrienda.com/new/img/1/1-1-010_kira.webp,215,134,56,72,81,112,2,みず,なみのり,みず,Zわざ,5,,1だん
1-1-011,イイネイヌ,1-1-011_kira.webp,https://pokemonfrienda.com/new/img/1/1-1-011_kira.webp,188,109,97,87,48,86,3,"どく, かくとう",どくづき,どく,,3,,1だん
1-1-012,マシマシラ,1-1-012_kira.webp,https://pokemonfrienda.com/new/img/1/1-1-012_kira.webp,188,109,59,52,98,88,4,エスパー,サイコキネシス,エスパー,,3,,1だん
1-1-013,キチキギス,1-1-013_kira.webp,https://pokemonfrienda.com/new/img/1/1-1-013_kira.webp,188,109,70,64,65,65,2,どく,じゃれつく,フェアリー,,3,,1だん
1-1-014,フシギバナ,1-1-014_kira.webp,https://pokemonfrienda.com/new/img/1/1-1-014_kira.webp,180,103,64,64,77,77,3,"くさ, どく",リーフストーム,くさ,,3,,1だん
1-1-015,リザードン,1-1-015_kira.webp,https://pokemonfrienda.com/new/img/1/1-1-015_kira.webp,180,102,65,61,83,88,3,"ほのお, ドラゴン",かえんほうしゃ,ほのお,,3,,1だん
1-1-016,カメックス,1-1-016_kira.webp,https://pokemonfrienda.com/new/img/1/1-1-016_kira.webp,180,102,64,77,66,80,3,みず,ハイドロポンプ,みず,,3,,1だん
1-1-017,ヤドキング,1-1-017_kira.webp,https://pokemonfrienda.com/new/img/1/1-1-017_kira.webp,168,114,59,62,77,84,2,みず,テラバースト,ステラ,テラスタル,3,,1だん
1-1-018,ヘルガー,1-1-018_kira.webp,https://pokemonfrienda.com/new/img/1/1-1-018_kira.webp,172,100,69,41,84,82,3,"あく, ほのお",テラバースト,ステラ,テラスタル,4,,1だん
1-1-019,オリーヴァ,1-1-019_kira.webp,https://pokemonfrienda.com/new/img/1/1-1-019_kira.webp,176,102,54,69,86,83,2,"くさ, ノーマル",テラバースト,ステラ,テラスタル,4,,1だん
1-1-020,ピカチュウ,1-1-020_kira.webp,https://pokemonfrienda.com/new/img/1/1-1-020_kira.webp,156,91,57,43,53,53,3,でんき,10まんボルト,でんき,Zわざ,4,,1だん
1-1-021,ドンファン,1-1-021_kira.webp,https://pokemonfrienda.com/new/img/1/1-1-021_kira.webp,172,110,91,91,48,48,3,じめん,あなをほる,じめん,,3,,1だん
1-1-022,クレベース,1-1-022_kira.webp,https://pokemonfrienda.com/new/img/1/1-1-022_kira.webp,176,114,89,137,36,36,1,こおり,アイススピナー,こおり,,3,,1だん
1-1-023,タイカイデン,1-1-023_kira.webp,https://pokemonfrienda.com/new/img/1/1-1-023_kira.webp,168,96,55,48,90,48,4,"でんき, ひこう",10まんボルト,でんき,,3,,1だん
1-1-024,ハルクジラ,1-1-024_kira.webp,https://pokemonfrienda.com/new/img/1/1-1-024_kira.webp,176,168,86,51,37,44,2,こおり,アイススピナー,こおり,,4,,1だん
1-1-025,ドオー,1-1-025_kira.webp,https://pokemonfrienda.com/new/img/1/1-1-025_kira.webp,160,148,62,50,38,81,2,"どく, じめん",あなをほる,じめん,,2,,1だん
2-5-001,ディアルガ,2-5-001_kira.webp,https://pokemonfrienda.com/new/img/bt5/2-5-001_kira.webp,382,184,144,144,179,121,2,"ドラゴン, はがね",ときのほうこう,ドラゴン,,5,,その他
2-5-002,パルキア,2-5-002_kira.webp,https://pokemonfrienda.com/new/img/bt5/2-5-002_kira.webp,332,172,144,121,173,144,4,"みず, ドラゴン",あくうせつだん,ドラゴン,,5,,その他
2-5-005,ダークライ,2-5-005_kira.webp,https://pokemonfrienda.com/new/img/bt5/2-5-005_kira.webp,320,151,111,111,164,111,4,あく,あくのはどう,あく,メガシンカ,5,,その他
2-5-006,メガニウム,2-5-006_kira.webp,https://pokemonfrienda.com/new/img/bt5/2-5-006_kira.webp,283,168,105,127,106,127,3,くさ,ソーラービーム,くさ,メガシンカ,4,,その他
2-5-007,エンブオー,2-5-007_kira.webp,https://pokemonfrienda.com/new/img/bt5/2-5-007_kira.webp,288,205,155,84,127,84,3,"ほのお, かくとう",インファイト,かくとう,メガシンカ,5,,その他
2-5-008,オーダイル,2-5-008_kira.webp,https://pokemonfrienda.com/new/img/bt5/2-5-008_kira.webp,298,174,133,127,101,106,3,みず,アクアブレイク,みず,メガシンカ,5,,その他
2-5-009,サーフゴー,2-5-009_kira.webp,https://pokemonfrienda.com/new/img/bt5/2-5-009_kira.webp,200,174,77,119,164,114,3,はがね,テラクラスター,ステラ,テラスタル,4,,その他
2-5-010,ミミッキュ,2-5-010_kira.webp,https://pokemonfrienda.com/new/img/bt5/2-5-010_kira.webp,273,140,116,104,67,135,3,"ゴースト, フェアリー",じゃれつく,フェアリー,Zわざ,5,,その他
2-5-011,スターミー,2-5-011_kira.webp,https://pokemonfrienda.com/new/img/bt5/2-5-011_kira.webp,256,128,84,95,111,95,3,"みず, エスパー",なみのり,みず,メガシンカ,3,,その他
2-5-012,カイロス,2-5-012_kira.webp,https://pokemonfrienda.com/new/img/bt5/2-5-012_kira.webp,248,131,137,111,63,79,3,むし,ばかぢから,かくとう,メガシンカ,4,,その他
2-5-013,ボスゴドラ,2-5-013_kira.webp,https://pokemonfrienda.com/new/img/bt5/2-5-013_kira.webp,260,137,121,195,66,66,3,"はがね, いわ",アイアンテール,はがね,メガシンカ,4,,その他
2-5-014,ドリュウズ,2-5-014_kira.webp,https://pokemonfrienda.com/new/img/bt5/2-5-014_kira.webp,248,179,148,88,65,75,3,"じめん, はがね",あなをほる,じめん,メガシンカ,4,,その他
2-5-015,ペンドラー,2-5-015_kira.webp,https://pokemonfrienda.com/new/img/bt5/2-5-015_kira.webp,240,128,111,99,63,78,3,"どく, むし",どくづき,どく,メガシンカ,4,,その他
2-5-016,デスバーン,2-5-016_kira.webp,https://pokemonfrienda.com/new/img/bt5/2-5-016_kira.webp,240,124,105,158,65,116,3,"じめん, ゴースト",シャドーボール,ゴースト,,4,,その他
2-5-017,オーロンゲ,2-5-017_kira.webp,https://pokemonfrienda.com/new/img/bt5/2-5-017_kira.webp,252,163,132,73,105,84,4,"あく, フェアリー",ソウルクラッシュ,あく,タッグわざ,4,,その他
2-5-018,パーモット,2-5-018_kira.webp,https://pokemonfrienda.com/new/img/bt5/2-5-018_kira.webp,244,137,126,79,78,68,3,"かくとう, でんき",でんこうそうげき,でんき,タッグわざ,3,,その他
2-5-019,トドゼルガ,2-5-019_kira.webp,https://pokemonfrienda.com/new/img/bt5/2-5-019_kira.webp,250,179,89,100,105,100,3,こおり,ふぶき,こおり,Zわざ,4,,その他
2-5-020,マフィティフ,2-5-020_kira.webp,https://pokemonfrienda.com/new/img/bt5/2-5-020_kira.webp,248,147,132,100,68,79,3,あく,テラバースト,ステラ,テラスタル,4,,その他
2-5-021,フーパ,2-5-021_kira.webp,https://pokemonfrienda.com/new/img/bt5/2-5-021_kira.webp,288,147,121,68,154,142,3,"あく, エスパー",いじげんホール,ゴースト,,4,,その他
2-5-022,ジガルデ,2-5-022_kira.webp,https://pokemonfrienda.com/new/img/bt5/2-5-022_kira.webp,288,177,111,133,90,105,4,"じめん, ドラゴン",グランドフォース,じめん,,5,,その他
2-5-023,マスカーニャ,2-5-023_kira.webp,https://pokemonfrienda.com/new/img/bt5/2-5-023_kira.webp,250,143,121,79,90,73,3,"くさ, あく",トリックフラワー,くさ,タッグわざ,3,,その他
2-5-024,ラウドボーン,2-5-024_kira.webp,https://pokemonfrienda.com/new/img/bt5/2-5-024_kira.webp,250,173,84,111,121,84,3,"ほのお, ゴースト",フレアソング,ほのお,タッグわざ,4,,その他
2-5-025,ピカチュウ,2-5-025_kira.webp,https://pokemonfrienda.com/new/img/bt5/2-5-025_kira.webp,228,134,85,63,78,78,3,でんき,ボルテッカー,でんき,,3,,その他
p090,ミュウツー,p090.webp,https://pokemonfrienda.com/new/special/img/p090.webp,254,144,99,82,137,82,3,エスパー,サイコブレイク,エスパー,,スペシャル,,スペシャル
p089,テツノイサハ,p089.webp,https://pokemonfrienda.com/new/special/img/p089.webp,288,161,145,100,80,121,3,"くさ, はがね",テラバースト,ステラ,テラスタル,スペシャル,,スペシャル
p088,テツノイワオ,p088.webp,https://pokemonfrienda.com/new/special/img/p088.webp,288,161,134,91,75,121,3,"はがね, いわ",テラバースト,ステラ,テラスタル,スペシャル,,スペシャル
p087,テツノカシラ,p087.webp,https://pokemonfrienda.com/new/special/img/p087.webp,288,181,82,113,136,121,3,"はがね, エスパー",テラバースト,ステラ,テラスタル,スペシャル,,スペシャル
p086,カイリュー,p086.webp,https://pokemonfrienda.com/new/special/img/p086.webp,236,131,120,86,81,91,3,"ドラゴン, ひこう",ドラゴンダイブ,ひこう,メガシンカ,スペシャル,,スペシャル
p085,ギャラドス,p085.webp,https://pokemonfrienda.com/new/special/img/p085.webp,250,160,135,87,87,109,3,"みず, ひこう",かみくだく,あく,メガシンカ,スペシャル,,スペシャル
p084,ハッサム,p084.webp,https://pokemonfrienda.com/new/special/img/p084.webp,252,139,145,113,64,51,3,"むし, はがね",シザークロス,むし,メガシンカ,スペシャル,,スペシャル
p083,ガブリアス,p083.webp,https://pokemonfrienda.com/new/special/img/p083.webp,258,184,132,98,83,88,3,"じめん, ドラゴン",あなをほる,じめん,メガシンカ,スペシャル,,スペシャル
p082,イベルタル,p082.webp,https://pokemonfrienda.com/new/special/img/p082.webp,224,138,99,73,99,75,3,"あく, ひこう",あくのはどう,あく,,スペシャル,,スペシャル
p081,メガメタグロス,p081.webp,https://pokemonfrienda.com/new/special/img/p081.webp,233,,,,,,5,"はがね, エスパー",コメットパンチ,はがね,メガシンカ,スペシャル,,スペシャル
p080,メガボーマンダ,p080.webp,https://pokemonfrienda.com/new/special/img/p080.webp,283,,,,,,5,"ドラゴン, ひこう",ドラゴンダイブ,ドラゴン,メガシンカ,スペシャル,,スペシャル
p079,ミュウツー,p079.webp,https://pokemonfrienda.com/new/special/img/p079.webp,252,137,95,78,131,78,3,エスパー,サイコブレイク,エスパー,,スペシャル,,スペシャル
p078,ウネルミナモ,p078.webp,https://pokemonfrienda.com/new/special/img/p078.webp,280,184,91,99,135,91,4,"みず, ドラゴン",テラバースト,ステラ,テラスタル,スペシャル,,スペシャル
p077,ウガツホムラ,p077.webp,https://pokemonfrienda.com/new/special/img/p077.webp,280,171,124,130,72,101,5,"ほのお, ドラゴン",テラバースト,ステラ,テラスタル,スペシャル,,スペシャル
p076,タケルライコ,p076.webp,https://pokemonfrienda.com/new/special/img/p076.webp,280,192,80,99,147,97,3,"でんき, ドラゴン",テラバースト,ステラ,テラスタル,スペシャル,,スペシャル
p075,ゼルネアス,p075.webp,https://pokemonfrienda.com/new/special/img/p075.webp,224,136,99,73,99,75,3,フェアリー,ムーンフォース,フェアリー,,スペシャル,,スペシャル
p074,リザードン,p074.webp,https://pokemonfrienda.com/new/special/img/p074.webp,234,148,95,89,122,89,3,"ほのお, ドラゴン",かえんほうしゃ,ほのお,メガシンカ,スペシャル,,スペシャル
p073,リザードン,p073.webp,https://pokemonfrienda.com/new/special/img/p073.webp,254,148,95,89,122,89,3,"ほのお, ドラゴン",かみくだく,あく,メガシンカ,スペシャル,,スペシャル
p072,リザードン,p072.webp,https://pokemonfrienda.com/new/special/img/p072.webp,244,135,87,81,111,88,3,"ほのお, ドラゴン",かえんほうしゃ,ほのお,メガシンカ,スペシャル,,スペシャル
p071,ルカリオ,p071.webp,https://pokemonfrienda.com/new/special/img/p071.webp,240,127,112,73,117,73,3,"かくとう, はがね",インファイト,かくとう,メガシンカ,スペシャル,,スペシャル
p070,ゲンガー,p070.webp,https://pokemonfrienda.com/new/special/img/p070.webp,228,117,68,63,132,78,3,ゴースト,シャドーボール,ゴースト,メガシンカ,スペシャル,,スペシャル
p069,ボーマンダ,p069.webp,https://pokemonfrienda.com/new/special/img/p069.webp,248,140,126,77,104,77,3,"ドラゴン, ひこう",アルティメットドラゴンバーン,ドラゴン,Zわざ,スペシャル,,スペシャル
p068,サーナイト,p068.webp,https://pokemonfrienda.com/new/special/img/p068.webp,236,125,68,68,127,117,5,"エスパー, フェアリー",マジカルシャイン,フェアリー,テラスタル,スペシャル,,スペシャル
p063,ウガツホムラ,p063.webp,https://pokemonfrienda.com/new/special/img/p063.webp,212,130,94,99,55,77,3,"ほのお, ドラゴン",だいふんげき,ほのお,,スペシャル,,スペシャル
p067,ヤミラミ,p067.webp,https://pokemonfrienda.com/new/special/img/p067.webp,208,122,89,89,77,77,3,"ゴースト, あく",シャドーボール,ゴースト,メガシンカ,スペシャル,,スペシャル
p066,ウインディ,p066.webp,https://pokemonfrienda.com/new/special/img/p066.webp,254,155,119,88,109,88,3,"ほのお, ノーマル",だいもんじ,ほのお,Zわざ,スペシャル,,スペシャル
p065,ジャラランガ,p065.webp,https://pokemonfrienda.com/new/special/img/p065.webp,254,130,110,125,101,105,3,"ドラゴン, かくとう",きあいのたま,かくとう,Zわざ,スペシャル,,スペシャル
p064,ボスゴドラ,p064.webp,https://pokemonfrienda.com/new/special/img/p064.webp,254,139,123,99,99,99,3,"はがね, いわ",アイアンテール,はがね,Zわざ,スペシャル,,スペシャル
p062,セレビィ,p062.webp,https://pokemonfrienda.com/new/special/img/p062.webp,252,148,97,97,97,97,5,"くさ, エスパー",リーフストーム,くさ,Zわざ,スペシャル,,スペシャル
p061,リザードン,p061.webp,https://pokemonfrienda.com/new/special/img/p061.webp,200,112,72,67,82,73,3,"ほのお, ドラゴン",かえんほうしゃ,ほのお,タッグわざ,スペシャル,,スペシャル
p060,ピカチュウ,p060.webp,https://pokemonfrienda.com/new/special/img/p060.webp,184,,,,,,4,でんき,デカハンマー,はがね,タッグわざ,スペシャル,,スペシャル
p059,イッカネズミ,p059.webp,https://pokemonfrienda.com/new/special/img/p059.webp,132,,,,,,3,ノーマル,ネズミさん,ノーマル,,スペシャル,,スペシャル
p058,ホウオウ,p058.webp,https://pokemonfrienda.com/new/special/img/p058.webp,212,118,93,66,79,109,3,"ほのお, ひこう",せいなるほのお,ほのお,,スペシャル,,スペシャル
p057,ルギア,p057.webp,https://pokemonfrienda.com/new/special/img/p057.webp,212,116,66,93,66,109,3,"エスパー, ひこう",エアロブラスト,ひこう,,スペシャル,,スペシャル
p056,バンギラス,p056.webp,https://pokemonfrienda.com/new/special/img/p056.webp,252,148,128,106,92,97,5,"いわ, あく",ストーンエッジ,いわ,Zわざ,スペシャル,,スペシャル
p055,メタグロス,p055.webp,https://pokemonfrienda.com/new/special/img/p055.webp,252,129,129,124,92,87,3,"はがね, エスパー",コメットパンチ,はがね,Zわざ,スペシャル,,スペシャル
p054,ミロカロス,p054.webp,https://pokemonfrienda.com/new/special/img/p054.webp,252,157,66,85,107,132,2,みず,なみのり,みず,Zわざ,スペシャル,,スペシャル
p053-ayNdxXS8,ルカリオ,p053-ayNdxXS8.webp,https://pokemonfrienda.com/new/special/img/p053-ayNdxXS8.webp,200,,,,,,3,"かくとう, はがね",インファイト,かくとう,メガシンカ,スペシャル,,スペシャル
p052,ピカチュウ,p052.webp,https://pokemonfrienda.com/new/special/img/p052.webp,200,117,74,55,66,66,4,でんき,10まんボルト,でんき,タッグわざ,スペシャル,,スペシャル
p051,フシギバナ,p051.webp,https://pokemonfrienda.com/new/special/img/p051.webp,212,121,75,76,91,91,3,"くさ, どく",リーフストーム,くさ,メガシンカ,スペシャル,,スペシャル
p050,リザードン,p050.webp,https://pokemonfrienda.com/new/special/img/p050.webp,216,120,77,72,98,78,3,"ほのお, ドラゴン",テラバースト,ステラ,テラスタル,スペシャル,,スペシャル
p049,カメックス,p049.webp,https://pokemonfrienda.com/new/special/img/p049.webp,212,120,76,91,76,95,3,みず,ハイドロポンプ,みず,タッグわざ,スペシャル,,スペシャル
p048,マスカーニャ,p048.webp,https://pokemonfrienda.com/new/special/img/p048.webp,224,123,104,68,77,88,3,"くさ, あく",トリックフラワー,くさ,,スペシャル,,スペシャル
p047,ルカリオ,p047.webp,https://pokemonfrienda.com/new/special/img/p047.webp,220,118,104,88,108,88,3,"かくとう, はがね",インファイト,かくとう,タッグわざ,スペシャル,,スペシャル
p046,ピカチュウ,p046.webp,https://pokemonfrienda.com/new/special/img/p046.webp,216,127,80,80,74,74,4,でんき,ボルテッカー,でんき,,スペシャル,,スペシャル
p045,リザードン,p045.webp,https://pokemonfrienda.com/new/special/img/p045.webp,248,138,89,83,114,80,3,"ほのお, ドラゴン",テラクラスター,ステラ,テラスタル,スペシャル,,スペシャル
p044,トドロクツキ,p044.webp,https://pokemonfrienda.com/new/special/img/p044.webp,248,152,132,70,55,57,3,"あく, ドラゴン",テラバースト,ステラ,テラスタル,スペシャル,,スペシャル
p043,テツノブジン,p043.webp,https://pokemonfrienda.com/new/special/img/p043.webp,248,124,124,87,115,80,3,"かくとう, フェアリー",テラバースト,ステラ,テラスタル,スペシャル,,スペシャル
p042,デカヌチャン,p042.webp,https://pokemonfrienda.com/new/special/img/p042.webp,196,120,66,68,62,61,3,"はがね, フェアリー",テラバースト,ステラ,テラスタル,スペシャル,,スペシャル
p041,ケルディオ,p041.webp,https://pokemonfrienda.com/new/special/img/p041.webp,208,119,81,75,105,75,3,"みず, かくとう",しんぴのつるぎ,みず,Zわざ,スペシャル,,スペシャル
p040,デオキシス,p040.webp,https://pokemonfrienda.com/new/special/img/p040.webp,184,76,104,38,104,38,1,エスパー,テラバースト,ノーマル,テラスタル,スペシャル,,スペシャル
p039,アーマーガア,p039.webp,https://pokemonfrienda.com/new/special/img/p039.webp,236,160,93,112,59,91,3,"はがね, ひこう",ブレイブバード,ひこう,テラスタル,スペシャル,,スペシャル
p038,パーモット,p038.webp,https://pokemonfrienda.com/new/special/img/p038.webp,296,134,124,77,77,67,4,"かくとう, でんき",テラバースト,ステラ,テラスタル,スペシャル,,スペシャル
p037,キョジオーン,p037.webp,https://pokemonfrienda.com/new/special/img/p037.webp,236,160,105,135,50,55,3,いわ,テラバースト,ステラ,テラスタル,スペシャル,,スペシャル
p036,メルメタル,p036.webp,https://pokemonfrienda.com/new/special/img/p036.webp,184,132,89,88,57,47,2,はがね,ダブルパンツァー,はがね,,スペシャル,,スペシャル
p035,ピカチュウ,p035.webp,https://pokemonfrienda.com/new/special/img/p035.webp,188,,,,,,4,でんき,10まんボルト,でんき,Zわざ,スペシャル,,スペシャル
p034,レックウザ,p034.webp,https://pokemonfrienda.com/new/special/img/p034.webp,200,,,,,,3,"ドラゴン, ひこう",ガリョウテンセイ,ひこう,,スペシャル,,スペシャル
p033,レシラム,p033.webp,https://pokemonfrienda.com/new/special/img/p033.webp,200,,,,,,4,"ほのお, ドラゴン",クロスフレイム,ほのお,,スペシャル,,スペシャル
p032,ゼクロム,p032.webp,https://pokemonfrienda.com/new/special/img/p032.webp,200,,,,,,5,"でんき, ドラゴン",クロスサンダー,でんき,,スペシャル,,スペシャル
p031,キュレム,p031.webp,https://pokemonfrienda.com/new/special/img/p031.webp,186,,,,,,,"こおり, ドラゴン",ふぶき,こおり,,スペシャル,,スペシャル
p030,オーガポン,p030.webp,https://pokemonfrienda.com/new/special/img/p030.webp,180,,,,,,1,くさ,テラバースト,ノーマル,テラスタル,スペシャル,,スペシャル
p029,テラパゴス,p029.webp,https://pokemonfrienda.com/new/special/img/p029.webp,164,94,60,68,65,68,2,ノーマル,テラクラスター,ステラ,テラスタル,スペシャル,,スペシャル
p028,マスカーニャ,p028.webp,https://pokemonfrienda.com/new/special/img/p028.webp,200,110,93,61,69,61,5,"くさ, あく",テラバースト,くさ,テラスタル,スペシャル,,スペシャル
p027,ラウドボーン,p027.webp,https://pokemonfrienda.com/new/special/img/p027.webp,290,133,85,85,85,85,3,"ほのお, ゴースト",テラバースト,ステラ,テラスタル,スペシャル,,スペシャル
p026,ウェーニバル,p026.webp,https://pokemonfrienda.com/new/special/img/p026.webp,200,118,101,69,73,65,3,"みず, かくとう",テラバースト,ステラ,テラスタル,スペシャル,,スペシャル
p025,ゲッコウガ,p025.webp,https://pokemonfrienda.com/new/special/img/p025.webp,164,90,67,49,72,51,3,"みず, あく",スーパーアクアトルネード,みず,Zわざ,スペシャル,,スペシャル
p024,ルギア,p024.webp,https://pokemonfrienda.com/new/special/img/p024.webp,378,,,,,,4,"エスパー, ひこう",エアロブラスト,ひこう,,スペシャル,,スペシャル
p023,ホウオウ,p023.webp,https://pokemonfrienda.com/new/special/img/p023.webp,170,128,105,98,105,118,3,"ほのお, ひこう",せいなるほのお,ほのお,,スペシャル,,スペシャル
p022,オーガポン,p022.webp,https://pokemonfrienda.com/new/special/img/p022.webp,168,93,81,58,49,55,3,くさ,ツタこんぼう,くさ,テラスタル,スペシャル,,スペシャル
p021,ピカチュウ,p021.webp,https://pokemonfrienda.com/new/special/img/p021.webp,152,89,56,42,52,52,4,でんき,ボルテッカー,でんき,,スペシャル,,スペシャル
p018,コライドン,p018.webp,https://pokemonfrienda.com/new/special/img/p018.webp,176,84,80,69,52,61,3,"かくとう, ドラゴン",アクセルブレイク,かくとう,,スペシャル,,スペシャル
p017,ミライドン,p017.webp,https://pokemonfrienda.com/new/special/img/p017.webp,176,94,52,61,60,69,4,"でんき, ドラゴン",イナズマドライブ,でんき,,スペシャル,,スペシャル
p016,ピカチュウ,p016.webp,https://pokemonfrienda.com/new/special/img/p016.webp,160,93,58,44,54,54,4,でんき,10まんボルト,でんき,Zわざ,スペシャル,,スペシャル
p020,リザードン,p020.webp,https://pokemonfrienda.com/new/special/img/p020.webp,176,99,63,59,61,54,3,"ほのお, ドラゴン",テラバースト,ステラ,テラスタル,スペシャル,,スペシャル
p019,ソウブレイズ,p019.webp,https://pokemonfrienda.com/new/special/img/p019.webp,176,97,92,61,47,75,3,"ほのお, ゴースト",ゴーストタイプ,ゴースト,,スペシャル,,スペシャル
p015,ヘルガー,p015.webp,https://pokemonfrienda.com/new/special/img/p015.webp,156,90,62,37,75,58,2,"あく, ほのお",テラバースト,ほのお,テラスタル,スペシャル,,スペシャル
p014,セレビィ,p014.webp,https://pokemonfrienda.com/new/special/img/p014.webp,164,97,83,63,83,63,2,"くさ, エスパー",リーフストーム,くさ,Zわざ,スペシャル,,スペシャル
p013,デカヌチャン,p013.webp,https://pokemonfrienda.com/new/special/img/p013.webp,152,93,51,52,48,70,2,"はがね, フェアリー",デカハンマー,はがね,,スペシャル,,スペシャル
p012,オーガポン,p012.webp,https://pokemonfrienda.com/new/special/img/p012.webp,148,82,72,52,38,58,3,くさ,ツタこんぼう,くさ,,スペシャル,,スペシャル
p011,ピカチュウ,p011.webp,https://pokemonfrienda.com/new/special/img/p011.webp,136,81,51,38,47,47,3,でんき,10まんボルト,でんき,Zわざ,スペシャル,,スペシャル
p010,ウインディ,p010.webp,https://pokemonfrienda.com/new/special/img/p010.webp,148,88,66,49,61,49,3,ほのお,だいもんじ,ほのお,Zわざ,スペシャル,,スペシャル
p009,マスカーニャ,p009.webp,https://pokemonfrienda.com/new/special/img/p009.webp,144,80,66,44,50,44,3,"くさ, あく",テラバースト,ステラ,テラスタル,スペシャル,,スペシャル
p008,ラウドボーン,p008.webp,https://pokemonfrienda.com/new/special/img/p008.webp,144,96,47,61,66,47,3,"ほのお, ゴースト",テラバースト,ステラ,テラスタル,スペシャル,,スペシャル
p007,ウェーニバル,p007.webp,https://pokemonfrienda.com/new/special/img/p007.webp,144,85,72,49,52,47,1,"みず, かくとう",テラバースト,ノーマル,テラスタル,スペシャル,,スペシャル
p006,マスカーニャ,p006.webp,https://pokemonfrienda.com/new/special/img/p006.webp,160,90,75,48,55,49,3,"くさ, あく",テラバースト,ステラ,テラスタル,スペシャル,,スペシャル
p005,ラウドボーン,p005.webp,https://pokemonfrienda.com/new/special/img/p005.webp,164,108,53,69,75,53,3,"ほのお, ゴースト",フレアソング,ほのお,テラスタル,スペシャル,,スペシャル
p004,ウェーニバル,p004.webp,https://pokemonfrienda.com/new/special/img/p004.webp,160,96,81,56,59,53,3,"みず, かくとう",テラバースト,ステラ,テラスタル,スペシャル,,スペシャル
p003,ニャローテ,p003.webp,https://pokemonfrienda.com/new/special/img/p003.webp,132,81,56,45,43,45,3,くさ,マジカルリーフ,くさ,,スペシャル,,スペシャル
p002,ルカリオ,p002.webp,https://pokemonfrienda.com/new/special/img/p002.webp,180,96,84,55,87,55,3,"かくとう, はがね",テラバースト,ステラ,テラスタル,スペシャル,,スペシャル
p001,ピカチュウ,p001.webp,https://pokemonfrienda.com/new/special/img/p001.webp,120,71,44,33,41,41,3,でんき,2-4-W01,でんき,,スペシャル,,スペシャル
p099,オーガポン,p099.webp,https://pokemonfrienda.com/new/special/img/p099.webp,292,160,144,102,74,116,3,くさ,テラバースト,ステラ,テラスタル,スペシャル,,スペシャル
p098,オーガポン,p098.webp,https://pokemonfrienda.com/new/special/img/p098.webp,292,160,144,102,74,116,3,"くさ, ほのお",テラバースト,ステラ,テラスタル,スペシャル,,スペシャル
p097,オーガポン,p097.webp,https://pokemonfrienda.com/new/special/img/p097.webp,292,160,144,102,74,116,3,くさ,ツタこんぼう,くさ,テラスタル,スペシャル,,スペシャル
p096,ジガルデ,p096.webp,https://pokemonfrienda.com/new/special/img/p096.webp,280,244,93,111,85,88,3,"じめん, ドラゴン",コアパニッシャー,じめん,,スペシャル,,スペシャル
p095,リザードン,p095.webp,https://pokemonfrienda.com/new/special/img/p095.webp,304,,,,,,5,"ほのお, ひこう",かえんほうしゃ,ほのお,タッグわざ,スペシャル,,スペシャル
p094,ニャオハ,p094.webp,https://pokemonfrienda.com/new/special/img/p094.webp,220,,,,,,3,くさ,このは,くさ,,スペシャル,,スペシャル
p093,ヒトカゲ,p093.webp,https://pokemonfrienda.com/new/special/img/p093.webp,220,,,,,,2,ほのお,ひのこ,ほのお,,スペシャル,,スペシャル
p092,ポッチャマ,p092.webp,https://pokemonfrienda.com/new/special/img/p092.webp,220,,,,,,3,みず,みずでっぽう,みず,,スペシャル,,スペシャル
p091,キュレム,p091.webp,https://pokemonfrienda.com/new/special/img/p091.webp,264,164,119,84,119,84,3,"こおり, ドラゴン",ふぶき,こおり,,スペシャル,,スペシャル
2-4-037★,ニンフィア,2-4-037_star.webp,https://pokemonfrienda.com/new/img/bt4/2-4-037★.webp,220,140,83,63,104,122,3,フェアリー,ドレインキッス,フェアリー,,3,色違い,ベストタッグ4だん
2-4-041★,コリンク,2-4-041_star.webp,https://pokemonfrienda.com/new/img/bt4/2-4-041★.webp,116,87,58,32,37,32,2,でんき,でんげきショック,でんき,,2,色違い,ベストタッグ4だん
2-4-042★,ルクシオ,2-4-042_star.webp,https://pokemonfrienda.com/new/img/bt4/2-4-042★.webp,148,100,74,45,54,45,1,でんき,かみつく,あく,,2,色違い,ベストタッグ4だん
2-4-043★,レントラー,2-4-043_star.webp,https://pokemonfrienda.com/new/img/bt4/2-4-043★.webp,220,127,113,76,90,76,3,でんき,スパーク,でんき,,3,色違い,ベストタッグ4だん
2-4-052★,ヒトデマン,2-4-052_star.webp,https://pokemonfrienda.com/new/img/bt4/2-4-052★.webp,140,75,41,50,62,50,2,みず,みずでっぽう,みず,,2,色違い,ベストタッグ4だん
2-4-053★,スターミー,2-4-053_star.webp,https://pokemonfrienda.com/new/img/bt4/2-4-053★.webp,220,109,72,81,85,81,3,"みず, エスパー",しおみず,みず,,3,色違い,ベストタッグ4だん
2-4-026A,ハリマロン,2-4-026A.webp,https://pokemonfrienda.com/new/img/bt4/2-4-026A.webp,132,96,55,58,44,41,1,くさ,つるのムチ,くさ,,1,パラレル,ベストタッグ4だん
2-4-029A,フォッコ,2-4-029A.webp,https://pokemonfrienda.com/new/img/bt4/2-4-029A.webp,128,83,41,37,55,54,2,ほのお,ひのこ,ほのお,,2,パラレル,ベストタッグ4だん
2-4-032A,ケロマツ,2-4-032A.webp,https://pokemonfrienda.com/new/img/bt4/2-4-032A.webp,132,84,50,37,55,41,2,みず,みずでっぽう,みず,,2,パラレル,ベストタッグ4だん
2-4-070A,デデンネ,2-4-070A.webp,https://pokemonfrienda.com/new/img/bt4/2-4-070A.webp,188,115,57,56,77,85,2,"でんき, フェアリー",パラボラチャージ,でんき,,2,パラレル,ベストタッグ4だん
2-3-026A,チコリータ,2-3-026A.webp,https://pokemonfrienda.com/new/img/bt3/2-3-026A.webp,128,84,43,55,43,55,2,くさ,はっぱカッター,くさ,,1,パラレル,ベストタッグ3だん
2-3-029A,ポカブ,2-3-029A.webp,https://pokemonfrienda.com/new/img/bt3/2-3-029A.webp,124,99,54,40,40,40,2,ほのお,ひのこ,ほのお,,2,パラレル,ベストタッグ3だん
2-3-032A,ワニノコ,2-3-032A.webp,https://pokemonfrienda.com/new/img/bt3/2-3-032A.webp,128,88,55,54,39,42,2,みず,みずでっぽう,みず,,2,パラレル,ベストタッグ3だん
2-3-043A,ピカチュウ,2-3-043A.webp,https://pokemonfrienda.com/new/img/bt3/2-3-043A.webp,180,106,87,50,82,82,4,でんき,かみなりパンチ,でんき,,4,パラレル,ベストタッグ3だん
2-3-W01,ミュウ,2-3-W01.webp,https://pokemonfrienda.com/new/wonder/img/2-3-W01.webp,312,181,119,119,119,119,5,エスパー,サイコキネシス,エスパー,,5,ワンダー,ベストタッグ3だん
2-3-W02,ラプラス,2-3-W02.webp,https://pokemonfrienda.com/new/wonder/img/2-3-W02.webp,288,228,107,101,107,119,3,"みず, こおり",れいとうビーム,こおり,テラスタル,5,ワンダー,ベストタッグ3だん
2-3-W03,アローラキュウコン,2-3-W03.webp,https://pokemonfrienda.com/new/wonder/img/2-3-W03.webp,284,160,86,96,103,127,4,"こおり, フェアリー",レイジングジオフリーズ,こおり,Zわざ,5,ワンダー,ベストタッグ3だん
2-2-W01,ピカチュウ,2-2-W01.webp,https://pokemonfrienda.com/new/wonder/img/2-2-W01.webp,292,148,93,69,95,69,4,でんき,10まんボルト,でんき,タッグわざ,4,ワンダー,ベストタッグ2だん
2-2-W02,ジュペッタ,2-2-W02.webp,https://pokemonfrienda.com/new/wonder/img/2-2-W02.webp,280,149,145,84,106,81,3,ゴースト,シャドークロー,ゴースト,メガシンカ,5,ワンダー,ベストタッグ2だん
2-2-W03,ダークライ,2-2-W03.webp,https://pokemonfrienda.com/new/wonder/img/2-2-W03.webp,300,142,104,104,153,104,4,あく,あくのはどう,あく,,5,ワンダー,ベストタッグ2だん
2-1-W01,フリーザー,2-1-W01.webp,https://pokemonfrienda.com/new/wonder/img/2-1-W01.webp,284,181,96,113,107,140,4,こおり,ふぶき,こおり,,4,ワンダー,ベストタッグ1だん
2-1-W02,サンダー,2-1-W02.webp,https://pokemonfrienda.com/new/wonder/img/2-1-W02.webp,284,161,102,96,140,102,4,でんき,かみなり,でんき,,4,ワンダー,ベストタッグ1だん
2-1-W03,ファイヤー,2-1-W03.webp,https://pokemonfrienda.com/new/wonder/img/2-1-W03.webp,284,161,113,102,140,98,5,"ほのお, ひこう",だいもんじ,ほのお,タッグわざ,5,ワンダー,ベストタッグ1だん
1-5-W01,フシギバナ,1-5-W01.webp,https://pokemonfrienda.com/new/wonder/img/1-5-W01.webp,260,150,93,94,113,113,3,"くさ, どく",リーフストーム,くさ,メガシンカ,4,ワンダー,5だん
1-5-W02,リザードン,1-5-W02.webp,https://pokemonfrienda.com/new/wonder/img/1-5-W02.webp,284,148,95,89,122,99,4,"ほのお, ドラゴン",かみくだく,あく,メガシンカ,5,ワンダー,5だん
1-5-W03,リザードン,1-5-W03.webp,https://pokemonfrienda.com/new/wonder/img/1-5-W03.webp,284,148,95,89,122,88,3,"ほのお, ドラゴン",かえんほうしゃ,ほのお,メガシンカ,4,ワンダー,5だん
1-5-W04,カメックス,1-5-W04.webp,https://pokemonfrienda.com/new/wonder/img/1-5-W04.webp,284,149,94,113,56,113,5,みず,ハイドロポンプ,みず,メガシンカ,5,ワンダー,5だん
1-4-W01,シャワーズ,1-4-W01.webp,https://pokemonfrienda.com/new/wonder/img/1-4-W01.webp,240,188,68,63,112,83,3,みず,ハイドロポンプ,みず,,4,ワンダー,4だん
1-4-W02,サンダース,1-4-W02.webp,https://pokemonfrienda.com/new/wonder/img/1-4-W02.webp,240,122,68,63,112,88,5,でんき,10まんボルト,でんき,,5,ワンダー,4だん
1-4-W03,ブースター,1-4-W03.webp,https://pokemonfrienda.com/new/wonder/img/1-4-W03.webp,240,122,132,83,96,112,5,ほのお,かえんほうしゃ,ほのお,,5,ワンダー,4だん
1-4-W04,ニンフィア,1-4-W04.webp,https://pokemonfrienda.com/new/wonder/img/1-4-W04.webp,240,152,68,68,112,132,4,フェアリー,ムーンフォース,フェアリー,,4,ワンダー,4だん
1-3-W01,レックウザ,1-3-W01.webp,https://pokemonfrienda.com/new/wonder/img/1-3-W01.webp,272,148,137,84,137,84,4,"ドラゴン, ひこう",ガリョウテンセイ,ひこう,タッグわざ,5,ワンダー,3だん
1-3-W02,レックウザ,1-3-W02.webp,https://pokemonfrienda.com/new/wonder/img/1-3-W02.webp,272,148,137,84,137,84,3,"ドラゴン, ひこう",ガリョウテンセイ,ひこう,メガシンカ,5,ワンダー,3だん
1-2-W01,ゲンガー,1-2-W01.webp,https://pokemonfrienda.com/new/wonder/img/1-2-W01.webp,212,109,63,59,122,72,5,ゴースト,シャドーボール,ゴースト,,5,ワンダー,2だん
1-2-W02,ミミッキュ,1-2-W02.webp,https://pokemonfrienda.com/new/wonder/img/1-2-W02.webp,204,104,86,77,50,89,3,"ゴースト, フェアリー",じゃれつく,フェアリー,,5,ワンダー,2だん
1-2-W03,ソウブレイズ,1-2-W03.webp,https://pokemonfrienda.com/new/wonder/img/1-2-W03.webp,220,122,117,77,59,59,3,"ほのお, ゴースト",むねんのつるぎ,ほのお,タッグわざ,5,ワンダー,2だん
2-4-W01,エーフィ,2-4-W01.webp,https://pokemonfrienda.com/new/wonder/img/2-4-W01.webp,300,152,85,79,156,122,5,エスパー,サイコキネシス,エスパー,,5,ワンダー,ベストタッグ4だん
2-4-W02,ブラッキー,2-4-W02.webp,https://pokemonfrienda.com/new/wonder/img/2-4-W02.webp,300,189,85,141,75,166,4,あく,あくのはどう,あく,,4,ワンダー,ベストタッグ4だん
2-4-W03,リーフィア,2-4-W03.webp,https://pokemonfrienda.com/new/wonder/img/2-4-W03.webp,300,152,141,156,79,86,3,くさ,リーフブレード,くさ,,5,ワンダー,ベストタッグ4だん
2-4-W04,グレイシア,2-4-W04.webp,https://pokemonfrienda.com/new/wonder/img/2-4-W04.webp,300,152,79,141,156,122,3,こおり,ふぶき,こおり,,5,ワンダー,ベストタッグ4だん
2-5-040★,ベロバー,2-5-040_star.webp,https://pokemonfrienda.com/new/img/bt5/2-5-040★.webp,120,91,43,30,52,39,2,あく,ねこだまし,ノーマル,,2,色違い,その他
2-5-041★,ギモー,2-5-041_star.webp,https://pokemonfrienda.com/new/img/bt5/2-5-041★.webp,156,108,56,43,69,52,2,"あく, フェアリー",ダメおし,あく,,1,色違い,その他
2-5-042★,オーロンゲ,2-5-042_star.webp,https://pokemonfrienda.com/new/img/bt5/2-5-042★.webp,224,148,117,86,94,75,3,"あく, フェアリー",ぶいうち,あく,,3,色違い,その他
2-5-060★,タマタマ,2-5-060_star.webp,https://pokemonfrienda.com/new/img/bt5/2-5-060★.webp,140,104,39,73,56,43,3,"くさ, エスパー",ねんりき,エスパー,,2,色違い,その他
2-5-061★,アローラナッシー,2-5-061_star.webp,https://pokemonfrienda.com/new/img/bt5/2-5-061★.webp,232,146,103,84,122,75,3,"くさ, ドラゴン",ワイドブレイカー,ドラゴン,,3,色違い,その他
2-5-068★,タイレーツ,2-5-068_star.webp,https://pokemonfrienda.com/new/img/bt5/2-5-068★.webp,208,118,99,89,70,81,3,かくとう,かわらわり,かくとう,,3,色違い,その他
2-5-026A,ニャオハ,2-5-026A.webp,https://pokemonfrienda.com/new/img/bt5/2-5-026A.webp,136,87,57,51,45,43,3,くさ,このは,くさ,,1,パラレル,その他
2-5-027A,ニャローテ,2-5-027A.webp,https://pokemonfrienda.com/new/img/bt5/2-5-027A.webp,172,105,73,59,55,55,2,くさ,マジカルリーフ,くさ,,2,パラレル,その他
2-5-029A,ホゲータ,2-5-029A.webp,https://pokemonfrienda.com/new/img/bt5/2-5-029A.webp,135,110,43,55,55,55,2,ほのお,ひのこ,ほのお,,2,パラレル,その他
2-5-030A,アチゲータ,2-5-030A.webp,https://pokemonfrienda.com/new/img/bt5/2-5-030A.webp,172,122,52,72,52,54,2,ほのお,ニトロチャージ,ほのお,,2,パラレル,その他
2-5-032A,クワッス,2-5-032A.webp,https://pokemonfrienda.com/new/img/bt5/2-5-032A.webp,136,100,60,43,45,43,2,みず,みずでっぽう,みず,,2,パラレル,その他
2-5-033A,ウェルカモ,2-5-033A.webp,https://pokemonfrienda.com/new/img/bt5/2-5-033A.webp,172,113,78,60,60,55,3,みず,けとぐり,かくとう,,2,パラレル,その他
2-5-W01,ラティアス,2-5-W01.webp,https://pokemonfrienda.com/new/wonder/img/2-5-W01.webp,320,163,99,111,154,158,5,"エスパー, ドラゴン",ミストボール,エスパー,タッグわざ,5,ワンダー,その他
2-5-W02,ラティオス,2-5-W02.webp,https://pokemonfrienda.com/new/wonder/img/2-5-W02.webp,320,183,111,99,158,134,5,"ドラゴン, エスパー",りゅうのはどう,ドラゴン,タッグわざ,5,ワンダー,その他
2-5-W03,ソウブレイズ,2-5-W03.webp,https://pokemonfrienda.com/new/wonder/img/2-5-W03.webp,284,157,152,99,75,123,4,"ほのお, ゴースト",むねんのつるぎ,ほのお,タッグわざ,5,ワンダー,その他
2-5-W04,サーナイト,2-5-W04.webp,https://pokemonfrienda.com/new/wonder/img/2-5-W04.webp,280,149,81,81,152,140,3,"エスパー, フェアリー",マジカルシャイン,フェアリー,タッグわざ,5,ワンダー,その他
2-4-026,ハリマロン,2-4-026.webp,https://pokemonfrienda.com/new/img/bt4/2-4-026.webp,132,96,55,58,44,41,2,くさ,つるのムチ,くさ,,2,,ベストタッグ4だん
2-4-027,ハリボーグ,2-4-027.webp,https://pokemonfrienda.com/new/img/bt4/2-4-027.webp,160,101,68,82,50,52,2,くさ,くさわけ,くさ,,2,,ベストタッグ4だん
2-4-028,ブリガロン,2-4-028.webp,https://pokemonfrienda.com/new/img/bt4/2-4-028.webp,220,134,101,114,71,72,2,"くさ, かくとう",ローキック,かくとう,,2,,ベストタッグ4だん
2-4-029,フォッコ,2-4-029.webp,https://pokemonfrienda.com/new/img/bt4/2-4-029.webp,128,83,41,37,55,54,2,ほのお,ひのこ,ほのお,,2,,ベストタッグ4だん
2-4-030,テールナー,2-4-030.webp,https://pokemonfrienda.com/new/img/bt4/2-4-030.webp,164,99,53,52,78,82,3,ほのお,ニトロチャージ,ほのお,,3,,ベストタッグ4だん
2-4-031,マフォクシー,2-4-031.webp,https://pokemonfrienda.com/new/img/bt4/2-4-031.webp,224,122,87,69,107,95,3,"ほのお, エスパー",マジカルフレイム,ほのお,,3,,ベストタッグ4だん
2-4-032,ケロマツ,2-4-032.webp,https://pokemonfrienda.com/new/img/bt4/2-4-032.webp,132,84,50,37,55,41,2,みず,みずでっぽう,みず,,2,,ベストタッグ4だん
2-4-033,ゲコガシラ,2-4-033.webp,https://pokemonfrienda.com/new/img/bt4/2-4-033.webp,184,95,56,47,73,50,3,みず,みずのはどう,みず,,3,,ベストタッグ4だん
2-4-034,ゲッコウガ,2-4-034.webp,https://pokemonfrienda.com/new/img/bt4/2-4-034.webp,220,119,90,65,87,68,4,"みず, あく",たきのぼり,みず,,3,,ベストタッグ4だん
2-4-035,ピカチュウ,2-4-035.webp,https://pokemonfrienda.com/new/img/bt4/2-4-035.webp,136,79,50,37,46,46,3,でんき,でんげきショック,でんき,,3,,ベストタッグ4だん
2-4-036,イーブイ,2-4-036.webp,https://pokemonfrienda.com/new/img/bt4/2-4-036.webp,136,96,50,46,41,58,2,ノーマル,でんこうせっか,ノーマル,,2,,ベストタッグ4だん
2-4-037,ニンフィア,2-4-037.webp,https://pokemonfrienda.com/new/img/bt4/2-4-037.webp,220,140,63,63,104,122,2,フェアリー,ドレインキッス,フェアリー,,4,,ベストタッグ4だん
2-4-038,ナックラー,2-4-038.webp,https://pokemonfrienda.com/new/img/bt4/2-4-038.webp,124,87,87,41,41,41,1,じめん,すなじごく,じめん,,2,,ベストタッグ4だん
2-4-039,ビブラーバ,2-4-039.webp,https://pokemonfrienda.com/new/img/bt4/2-4-039.webp,140,92,62,46,45,46,3,じめん,ドラゴンテール,ドラゴン,,3,,ベストタッグ4だん
2-4-040,フライゴン,2-4-040.webp,https://pokemonfrienda.com/new/img/bt4/2-4-040.webp,220,127,85,77,77,77,3,"じめん, ドラゴン",ドラゴンクロー,ドラゴン,,4,,ベストタッグ4だん
2-4-041,コリンク,2-4-041.webp,https://pokemonfrienda.com/new/img/bt4/2-4-041.webp,116,87,58,32,37,32,3,でんき,でんきショック,でんき,,2,,ベストタッグ4だん
2-4-042,ルクシオ,2-4-042.webp,https://pokemonfrienda.com/new/img/bt4/2-4-042.webp,148,100,74,45,54,45,1,でんき,かみつく,あく,,1,,ベストタッグ4だん
2-4-043,レントラー,2-4-043.webp,https://pokemonfrienda.com/new/img/bt4/2-4-043.webp,220,127,113,76,90,78,4,でんき,スパーク,でんき,,3,,ベストタッグ4だん
2-4-044,メグロコ,2-4-044.webp,https://pokemonfrienda.com/new/img/bt4/2-4-044.webp,124,92,84,33,33,33,3,じめん,すなじごく,じめん,,2,,ベストタッグ4だん
2-4-045,ワルビル,2-4-045.webp,https://pokemonfrienda.com/new/img/bt4/2-4-045.webp,144,100,72,41,41,41,2,じめん,じならし,じめん,,2,,ベストタッグ4だん
2-4-046,ワルビアル,2-4-046.webp,https://pokemonfrienda.com/new/img/bt4/2-4-046.webp,220,140,110,77,63,68,3,"あく, じめん",じだんだ,じめん,,3,,ベストタッグ4だん
2-4-047,キバゴ,2-4-047.webp,https://pokemonfrienda.com/new/img/bt4/2-4-047.webp,136,88,76,54,29,37,2,ドラゴン,ひっかく,ノーマル,,2,,ベストタッグ4だん
2-4-048,オノンド,2-4-048.webp,https://pokemonfrienda.com/new/img/bt4/2-4-048.webp,184,105,100,62,37,46,2,ドラゴン,ワイドブレイカー,ドラゴン,,2,,ベストタッグ4だん
2-4-049,オノノクス,2-4-049.webp,https://pokemonfrienda.com/new/img/bt4/2-4-049.webp,228,123,137,86,59,68,3,ドラゴン,りゅうのはどう,ドラゴン,,4,,ベストタッグ4だん
2-4-050,アローラサンド,2-4-050.webp,https://pokemonfrienda.com/new/img/bt4/2-4-050.webp,128,92,66,78,13,33,2,"こおり, はがね",つららばり,こおり,,2,,ベストタッグ4だん
2-4-051,アローラサンドパン,2-4-051.webp,https://pokemonfrienda.com/new/img/bt4/2-4-051.webp,192,122,85,113,27,83,2,"こおり, はがね",れいとうパンチ,こおり,,3,,ベストタッグ4だん
2-4-052,ヒトデマン,2-4-052.webp,https://pokemonfrienda.com/new/img/bt4/2-4-052.webp,140,75,41,50,32,50,2,みず,みずでっぽう,みず,,2,,ベストタッグ4だん
2-4-053,スターミー,2-4-053.webp,https://pokemonfrienda.com/new/img/bt4/2-4-053.webp,220,109,72,81,95,81,3,"みず, エスパー",しおみず,みず,,4,,ベストタッグ4だん
2-4-054,ウソハチ,2-4-054.webp,https://pokemonfrienda.com/new/img/bt4/2-4-054.webp,124,92,70,82,13,41,2,いわ,いわおとし,いわ,,2,,ベストタッグ4だん
2-4-055,ウソッキー,2-4-055.webp,https://pokemonfrienda.com/new/img/bt4/2-4-055.webp,180,118,85,108,32,83,3,いわ,いわなだれ,いわ,,2,,ベストタッグ4だん
2-4-056,チルット,2-4-056.webp,https://pokemonfrienda.com/new/img/bt4/2-4-056.webp,132,87,37,54,37,55,2,"ノーマル, ひこう",つつく,ひこう,,2,,ベストタッグ4だん
2-4-057,チルタリス,2-4-057.webp,https://pokemonfrienda.com/new/img/bt4/2-4-057.webp,208,122,88,86,88,86,3,"ドラゴン, ひこう",りゅうのいぶき,ドラゴン,,3,,ベストタッグ4だん
2-4-058,モグリュー,2-4-058.webp,https://pokemonfrienda.com/new/img/bt4/2-4-058.webp,136,100,74,37,29,41,2,じめん,すなじごく,じめん,,2,,ベストタッグ4だん
2-4-059,ドリュウズ,2-4-059.webp,https://pokemonfrienda.com/new/img/bt4/2-4-059.webp,216,154,126,59,50,63,3,"じめん, はがね",スマートホーン,はがね,,3,,ベストタッグ4だん
2-4-060,ガラルヤドン,2-4-060.webp,https://pokemonfrienda.com/new/img/bt4/2-4-060.webp,132,124,58,58,37,37,1,"みず, エスパー",たいあたり,ノーマル,,2,,ベストタッグ4だん
2-4-061,ガラルヤドラン,2-4-061.webp,https://pokemonfrienda.com/new/img/bt4/2-4-061.webp,208,140,85,80,95,88,2,"どく, エスパー",ベノムショック,どく,,3,,ベストタッグ4だん
2-4-062,ガラルヤドキング,2-4-062.webp,https://pokemonfrienda.com/new/img/bt4/2-4-062.webp,208,140,83,77,104,104,1,"どく, エスパー",サイコウセン,エスパー,,3,,ベストタッグ4だん
2-4-063,カルボウ,2-4-063.webp,https://pokemonfrienda.com/new/img/bt4/2-4-063.webp,112,83,48,37,46,37,2,ほのお,ニトロチャージ,ほのお,,2,,ベストタッグ4だん
2-4-064,グレンアルマ,2-4-064.webp,https://pokemonfrienda.com/new/img/bt4/2-4-064.webp,220,131,59,95,117,77,3,"ほのお, エスパー",サイケこうせん,エスパー,,3,,ベストタッグ4だん
2-4-065,ソウブレイズ,2-4-065.webp,https://pokemonfrienda.com/new/img/bt4/2-4-065.webp,220,122,117,77,68,95,2,"ほのお, ゴースト",シャドークロー,ゴースト,,3,,ベストタッグ4だん
2-4-066,エビワラー,2-4-066.webp,https://pokemonfrienda.com/new/img/bt4/2-4-066.webp,196,100,89,76,36,104,2,かくとう,メガトンパンチ,ノーマル,,2,,ベストタッグ4だん
2-4-067,サワムラー,2-4-067.webp,https://pokemonfrienda.com/new/img/bt4/2-4-067.webp,196,100,113,52,36,104,3,かくとう,ローキック,かくとう,,3,,ベストタッグ4だん
2-4-068,カイロス,2-4-068.webp,https://pokemonfrienda.com/new/img/bt4/2-4-068.webp,212,113,117,85,54,68,3,むし,シザークロス,むし,,3,,ベストタッグ4だん
2-4-069,ヘラクロス,2-4-069.webp,https://pokemonfrienda.com/new/img/bt4/2-4-069.webp,212,127,117,72,41,90,2,"むし, かくとう",かわらわり,かくとう,,3,,ベストタッグ4だん
2-4-070,デデンネ,2-4-070.webp,https://pokemonfrienda.com/new/img/bt4/2-4-070.webp,188,115,57,58,77,65,2,"でんき, フェアリー",パラボラチャージ,でんき,,3,,ベストタッグ4だん
2-3-026,チコリータ,2-3-026.webp,https://pokemonfrienda.com/new/img/bt3/2-3-026.webp,128,84,43,55,43,55,2,くさ,はっぱカッター,くさ,,2,,ベストタッグ3だん
2-3-027,ベイリーフ,2-3-027.webp,https://pokemonfrienda.com/new/img/bt3/2-3-027.webp,156,95,53,67,54,67,3,くさ,マジカルリーフ,くさ,,2,,ベストタッグ3だん
2-3-028,メガニウム,2-3-028.webp,https://pokemonfrienda.com/new/img/bt3/2-3-028.webp,212,121,75,81,75,81,3,くさ,ギガドレイン,くさ,,3,,ベストタッグ3だん
2-3-029,ポカブ,2-3-029.webp,https://pokemonfrienda.com/new/img/bt3/2-3-029.webp,124,99,54,40,40,40,2,ほのお,ひのこ,ほのお,,2,,ベストタッグ3だん
2-3-030,チャオブー,2-3-030.webp,https://pokemonfrienda.com/new/img/bt3/2-3-030.webp,160,119,77,47,55,47,2,"ほのお, かくとう",つっぱり,かくとう,,2,,ベストタッグ3だん
2-3-031,エンブオー,2-3-031.webp,https://pokemonfrienda.com/new/img/bt3/2-3-031.webp,212,147,110,60,91,60,2,"ほのお, かくとう",かわらわり,かくとう,,2,,ベストタッグ3だん
2-3-032,ワニノコ,2-3-032.webp,https://pokemonfrienda.com/new/img/bt3/2-3-032.webp,128,88,55,54,39,42,2,みず,みずでっぽう,みず,,2,,ベストタッグ3だん
2-3-033,アリゲイツ,2-3-033.webp,https://pokemonfrienda.com/new/img/bt3/2-3-033.webp,156,99,67,67,51,54,2,みず,ひやみず,みず,,2,,ベストタッグ3だん
2-3-034,オーダイル,2-3-034.webp,https://pokemonfrienda.com/new/img/bt3/2-3-034.webp,212,126,85,81,72,76,2,みず,みずのはどう,みず,,3,,ベストタッグ3だん
2-3-035,ヤヤコマ,2-3-035.webp,https://pokemonfrienda.com/new/img/bt3/2-3-035.webp,116,84,44,38,36,34,3,"ノーマル, ひこう",つつく,ひこう,,2,,ベストタッグ3だん
2-3-036,ヒノヤコマ,2-3-036.webp,https://pokemonfrienda.com/new/img/bt3/2-3-036.webp,148,97,81,47,48,45,2,"ほのお, ひこう",アクロバット,ひこう,,1,,ベストタッグ3だん
2-3-037,ファイアロー,2-3-037.webp,https://pokemonfrienda.com/new/img/bt3/2-3-037.webp,204,120,74,66,66,64,3,"ほのお, ひこう",エアカッター,ひこう,,3,,ベストタッグ3だん
2-3-038,ヤンチャム,2-3-038.webp,https://pokemonfrienda.com/new/img/bt3/2-3-038.webp,136,101,88,53,40,42,2,かくとう,つっぱり,かくとう,,2,,ベストタッグ3だん
2-3-039,ゴロンダ,2-3-039.webp,https://pokemonfrienda.com/new/img/bt3/2-3-039.webp,200,134,111,72,84,86,2,かくとう,どろぼう,あく,,3,,ベストタッグ3だん
2-3-040,オンバット,2-3-040.webp,https://pokemonfrienda.com/new/img/bt3/2-3-040.webp,104,80,28,32,40,36,2,"ひこう, ドラゴン",かぜおこし,ひこう,,2,,ベストタッグ3だん
2-3-041,オンバーン,2-3-041.webp,https://pokemonfrienda.com/new/img/bt3/2-3-041.webp,216,126,85,73,88,73,2,"ひこう, ドラゴン",ワイドブレイカー,ドラゴン,,2,,ベストタッグ3だん
2-3-042,クレッフィ,2-3-042.webp,https://pokemonfrienda.com/new/img/bt3/2-3-042.webp,192,102,73,83,73,79,3,"はがね, フェアリー",ドレインキッス,フェアリー,,3,,ベストタッグ3だん
2-3-043,ピカチュウ,2-3-043.webp,https://pokemonfrienda.com/new/img/bt3/2-3-043.webp,180,106,67,50,82,82,3,でんき,かみなりパンチ,でんき,,3,,ベストタッグ3だん
2-3-044,イーブイ,2-3-044.webp,https://pokemonfrienda.com/new/img/bt3/2-3-044.webp,128,91,47,44,40,55,2,ノーマル,たいあたり,ノーマル,,2,,ベストタッグ3だん
2-3-045,リーフィア,2-3-045.webp,https://pokemonfrienda.com/new/img/bt3/2-3-045.webp,212,108,89,116,55,60,3,くさ,タネマシンガン,くさ,,3,,ベストタッグ3だん
2-3-046,グレイシア,2-3-046.webp,https://pokemonfrienda.com/new/img/bt3/2-3-046.webp,212,108,56,83,116,86,3,こおり,フリーズドライ,こおり,,3,,ベストタッグ3だん
2-3-047,コイル,2-3-047.webp,https://pokemonfrienda.com/new/img/bt3/2-3-047.webp,132,68,32,59,79,47,3,でんき,でんきショック,でんき,,2,,ベストタッグ3だん
2-3-048,レアコイル,2-3-048.webp,https://pokemonfrienda.com/new/img/bt3/2-3-048.webp,172,88,51,79,88,59,2,でんき,チャージビーム,でんき,,2,,ベストタッグ3だん
2-3-049,ジバコイル,2-3-049.webp,https://pokemonfrienda.com/new/img/bt3/2-3-049.webp,216,113,65,103,116,82,2,でんき,スパーク,でんき,,3,,ベストタッグ3だん
2-3-050,トゲピー,2-3-050.webp,https://pokemonfrienda.com/new/img/bt3/2-3-050.webp,104,76,20,55,36,55,2,フェアリー,はたく,ノーマル,,2,,ベストタッグ3だん
2-3-051,トゲチック,2-3-051.webp,https://pokemonfrienda.com/new/img/bt3/2-3-051.webp,156,91,36,71,87,86,2,フェアリー,ようせいのかぜ,フェアリー,,2,,ベストタッグ3だん
2-3-052,トゲキッス,2-3-052.webp,https://pokemonfrienda.com/new/img/bt3/2-3-052.webp,216,126,48,86,108,103,2,"フェアリー, ひこう",エアスラッシュ,ひこう,,3,,ベストタッグ3だん
2-3-053,ガーディ,2-3-053.webp,https://pokemonfrienda.com/new/img/bt3/2-3-053.webp,136,91,58,40,55,44,2,ほのお,ひのこ,ほのお,,2,,ベストタッグ3だん
2-3-054,ウインディ,2-3-054.webp,https://pokemonfrienda.com/new/img/bt3/2-3-054.webp,220,130,88,73,81,73,3,ほのお,ほのおのキバ,ほのお,,3,,ベストタッグ3だん
2-3-055,イワーク,2-3-055.webp,https://pokemonfrienda.com/new/img/bt3/2-3-055.webp,148,76,40,129,28,40,2,"いわ, じめん",いわおとし,いわ,,2,,ベストタッグ3だん
2-3-056,ハガネール,2-3-056.webp,https://pokemonfrienda.com/new/img/bt3/2-3-056.webp,204,117,78,177,52,60,2,"はがね, じめん",じならし,じめん,,3,,ベストタッグ3だん
2-3-057,ストライク,2-3-057.webp,https://pokemonfrienda.com/new/img/bt3/2-3-057.webp,184,103,90,67,47,67,3,むし,むしのていこう,むし,,2,,ベストタッグ3だん
2-3-058,ハッサム,2-3-058.webp,https://pokemonfrienda.com/new/img/bt3/2-3-058.webp,204,113,116,81,52,73,2,"むし, はがね",メタルクロー,はがね,,3,,ベストタッグ3だん
2-3-059,バサギリ,2-3-059.webp,https://pokemonfrienda.com/new/img/bt3/2-3-059.webp,204,113,121,86,43,65,3,"むし, いわ",とびつく,むし,,3,,ベストタッグ3だん
2-3-060,ヒンバス,2-3-060.webp,https://pokemonfrienda.com/new/img/bt3/2-3-060.webp,92,64,16,20,12,47,2,みず,たいあたり,ノーマル,,2,,ベストタッグ3だん
2-3-061,ミロカロス,2-3-061.webp,https://pokemonfrienda.com/new/img/bt3/2-3-061.webp,216,134,56,72,91,112,2,みず,みずのはどう,みず,,3,,ベストタッグ3だん
2-3-062,カゲボウズ,2-3-062.webp,https://pokemonfrienda.com/new/img/bt3/2-3-062.webp,120,83,63,32,54,30,1,ゴースト,おどろかす,ゴースト,,2,,ベストタッグ3だん
2-3-063,ジュペッタ,2-3-063.webp,https://pokemonfrienda.com/new/img/bt3/2-3-063.webp,188,108,103,60,75,59,3,ゴースト,たたきめ,ゴースト,,3,,ベストタッグ3だん
2-3-064,カジッチュ,2-3-064.webp,https://pokemonfrienda.com/new/img/bt3/2-3-064.webp,112,80,36,67,36,67,1,くさ,おどろかす,ゴースト,,1,,ベストタッグ3だん
2-3-065,アップリュー,2-3-065.webp,https://pokemonfrienda.com/new/img/bt3/2-3-065.webp,196,113,89,73,86,56,3,"くさ, ドラゴン",りゅうのいぶき,ドラゴン,,3,,ベストタッグ3だん
2-3-066,タルップル,2-3-066.webp,https://pokemonfrienda.com/new/img/bt3/2-3-066.webp,196,147,78,73,81,73,3,"くさ, ドラゴン",マジカルリーフ,くさ,,3,,ベストタッグ3だん
2-3-067,マホミル,2-3-067.webp,https://pokemonfrienda.com/new/img/bt3/2-3-067.webp,112,84,36,36,44,52,1,ノーマル,たいあたり,ノーマル,,2,,ベストタッグ3だん
2-3-068,マホイップ,2-3-068.webp,https://pokemonfrienda.com/new/img/bt3/2-3-068.webp,200,108,56,69,99,109,2,フェアリー,ドレインキッス,フェアリー,,3,,ベストタッグ3だん
2-3-069,ワッカネズミ,2-3-069.webp,https://pokemonfrienda.com/new/img/bt3/2-3-069.webp,124,88,44,40,36,40,2,ノーマル,はたく,ノーマル,,2,,ベストタッグ3だん
2-3-070,イッカネズミ,2-3-070.webp,https://pokemonfrienda.com/new/img/bt3/2-3-070.webp,192,116,69,65,60,60,3,ノーマル,ダブルアタック,ノーマル,,3,,ベストタッグ3だん
2-2-026,キモリ,2-2-026.webp,https://pokemonfrienda.com/new/img/bt2/2-2-026.webp,120,76,38,30,33,45,4,くさ,このは,くさ,,2,,ベストタッグ2だん
2-2-027,ジュプトル,2-2-027.webp,https://pokemonfrienda.com/new/img/bt2/2-2-027.webp,148,84,53,38,57,53,3,くさ,メガドレイン,くさ,,2,,ベストタッグ2だん
2-2-028,ジュカイン,2-2-028.webp,https://pokemonfrienda.com/new/img/bt2/2-2-028.webp,204,108,74,58,74,58,3,くさ,ギガドレイン,くさ,,3,,ベストタッグ2だん
2-2-029,アチャモ,2-2-029.webp,https://pokemonfrienda.com/new/img/bt2/2-2-029.webp,120,80,49,34,56,42,1,ほのお,ひのこ,ほのお,,2,,ベストタッグ2だん
2-2-030,ワカシャモ,2-2-030.webp,https://pokemonfrienda.com/new/img/bt2/2-2-030.webp,148,91,67,49,67,49,3,"ほのお, かくとう",にどげり,かくとう,,2,,ベストタッグ2だん
2-2-031,バシャーモ,2-2-031.webp,https://pokemonfrienda.com/new/img/bt2/2-2-031.webp,204,116,103,62,95,62,2,"ほのお, かくとう",かわらわり,かくとう,,2,,ベストタッグ2だん
2-2-032,ミズゴロウ,2-2-032.webp,https://pokemonfrienda.com/new/img/bt2/2-2-032.webp,120,84,56,42,42,42,2,みず,みずでっぽう,みず,,2,,ベストタッグ2だん
2-2-033,ヌマクロー,2-2-033.webp,https://pokemonfrienda.com/new/img/bt2/2-2-033.webp,148,88,67,56,49,56,2,"みず, じめん",じならし,じめん,,2,,ベストタッグ2だん
2-2-034,ラグラージ,2-2-034.webp,https://pokemonfrienda.com/new/img/bt2/2-2-034.webp,204,133,95,78,74,78,3,みず,じだんだ,じめん,,2,,ベストタッグ2だん
2-2-035,イキリンコ,2-2-035.webp,https://pokemonfrienda.com/new/img/bt2/2-2-035.webp,164,118,83,46,41,46,2,ひこう,つばめがえし,ひこう,,2,,ベストタッグ2だん
2-2-036,ノノクラゲ,2-2-036.webp,https://pokemonfrienda.com/new/img/bt2/2-2-036.webp,128,76,34,30,42,78,2,"じめん, くさ",どろかけ,じめん,,1,,ベストタッグ2だん
2-2-037,リククラゲ,2-2-037.webp,https://pokemonfrienda.com/new/img/bt2/2-2-037.webp,200,116,82,58,70,103,3,"みず, じめん",マッドショット,じめん,,3,,ベストタッグ2だん
2-2-038,ガケガニ,2-2-038.webp,https://pokemonfrienda.com/new/img/bt2/2-2-038.webp,176,108,87,98,39,50,2,みず,いわなだれ,いわ,,2,,ベストタッグ2だん
2-2-039,カプサイジ,2-2-039.webp,https://pokemonfrienda.com/new/img/bt2/2-2-039.webp,116,84,50,34,50,34,2,くさ,このは,くさ,,2,,ベストタッグ2だん
2-2-040,スコヴィラン,2-2-040.webp,https://pokemonfrienda.com/new/img/bt2/2-2-040.webp,188,104,93,58,33,58,2,"くさ, ほのお",タネマシンガン,くさ,,2,,ベストタッグ2だん
2-2-041,ピチュー,2-2-041.webp,https://pokemonfrienda.com/new/img/bt2/2-2-041.webp,88,61,34,16,30,30,3,でんき,でんげきショック,でんき,,2,,ベストタッグ2だん
2-2-042,ピカチュウ,2-2-042.webp,https://pokemonfrienda.com/new/img/bt2/2-2-042.webp,124,72,45,34,42,42,2,でんき,エレキネット,でんき,,2,,ベストタッグ2だん
2-2-043,ライチュウ,2-2-043.webp,https://pokemonfrienda.com/new/img/bt2/2-2-043.webp,188,100,78,50,78,70,3,でんき,かみなりパンチ,でんき,,2,,ベストタッグ2だん
2-2-044,イーブイ,2-2-044.webp,https://pokemonfrienda.com/new/img/bt2/2-2-044.webp,124,87,45,42,38,39,2,ノーマル,でんこうせっか,ノーマル,,2,,ベストタッグ2だん
2-2-045,シャワーズ,2-2-045.webp,https://pokemonfrienda.com/new/img/bt2/2-2-045.webp,200,157,58,54,95,62,2,みず,みずのはどう,みず,,2,,ベストタッグ2だん
2-2-046,サンダース,2-2-046.webp,https://pokemonfrienda.com/new/img/bt2/2-2-046.webp,200,104,58,54,95,62,4,でんき,エレキネット,でんき,,2,,ベストタッグ2だん
2-2-047,ブースター,2-2-047.webp,https://pokemonfrienda.com/new/img/bt2/2-2-047.webp,200,104,111,54,62,95,2,ほのお,ほのおのキバ,ほのお,,2,,ベストタッグ2だん
2-2-048,バニプッチ,2-2-048.webp,https://pokemonfrienda.com/new/img/bt2/2-2-048.webp,120,73,42,42,53,49,2,こおり,こごえるかぜ,こおり,,2,,ベストタッグ2だん
2-2-049,バニリッチ,2-2-049.webp,https://pokemonfrienda.com/new/img/bt2/2-2-049.webp,144,84,53,53,64,60,2,こおり,ゆきなだれ,こおり,,2,,ベストタッグ2だん
2-2-050,バイバニラ,2-2-050.webp,https://pokemonfrienda.com/new/img/bt2/2-2-050.webp,204,109,82,74,85,62,2,こおり,つららおとし,こおり,,2,,ベストタッグ2だん
2-2-051,ヒトモシ,2-2-051.webp,https://pokemonfrienda.com/new/img/bt2/2-2-051.webp,108,84,27,45,39,45,1,ゴースト,おどろかす,ゴースト,,2,,ベストタッグ2だん
2-2-052,ランプラー,2-2-052.webp,https://pokemonfrienda.com/new/img/bt2/2-2-052.webp,136,91,34,49,75,49,2,"ゴースト, ほのお",ニトロチャージ,ほのお,,2,,ベストタッグ2だん
2-2-053,シャンデラ,2-2-053.webp,https://pokemonfrienda.com/new/img/bt2/2-2-053.webp,200,100,50,78,123,78,3,"ほのお, ゴースト",たたりめ,ゴースト,,3,,ベストタッグ2だん
2-2-054,タンドン,2-2-054.webp,https://pokemonfrienda.com/new/img/bt2/2-2-054.webp,100,69,34,42,34,42,2,いわ,うちおとす,いわ,,2,,ベストタッグ2だん
2-2-055,トロッゴン,2-2-055.webp,https://pokemonfrienda.com/new/img/bt2/2-2-055.webp,148,106,49,71,49,56,2,いわ,げんしのちから,いわ,,2,,ベストタッグ2だん
2-2-056,セキタンザン,2-2-056.webp,https://pokemonfrienda.com/new/img/bt2/2-2-056.webp,196,141,70,103,70,78,2,"いわ, ほのお",いわなだれ,いわ,,3,,ベストタッグ2だん
2-2-057,ニャース,2-2-057.webp,https://pokemonfrienda.com/new/img/bt2/2-2-057.webp,112,76,38,30,34,34,2,ノーマル,みだれひっかき,ノーマル,,2,,ベストタッグ2だん
2-2-058,ペルシアン,2-2-058.webp,https://pokemonfrienda.com/new/img/bt2/2-2-058.webp,176,104,82,54,58,58,3,ノーマル,きりさく,ノーマル,,2,,ベストタッグ2だん
2-2-059,キャモメ,2-2-059.webp,https://pokemonfrienda.com/new/img/bt2/2-2-059.webp,108,76,27,27,45,27,2,みず,みずでっぽう,みず,,2,,ベストタッグ2だん
2-2-060,ペリッパー,2-2-060.webp,https://pokemonfrienda.com/new/img/bt2/2-2-060.webp,176,100,46,87,62,62,2,"みず, ひこう",みずのはどう,みず,,2,,ベストタッグ2だん
2-2-061,フワンテ,2-2-061.webp,https://pokemonfrienda.com/new/img/bt2/2-2-061.webp,132,113,42,30,49,37,3,"ゴースト, ひこう",かぜおこし,ひこう,,2,,ベストタッグ2だん
2-2-062,フワライド,2-2-062.webp,https://pokemonfrienda.com/new/img/bt2/2-2-062.webp,192,174,70,41,78,49,2,"ゴースト, ひこう",エアスラッシュ,ひこう,,2,,ベストタッグ2だん
2-2-063,チュリネ,2-2-063.webp,https://pokemonfrienda.com/new/img/bt2/2-2-063.webp,112,80,30,42,56,42,2,くさ,メガドレイン,くさ,,2,,ベストタッグ2だん
2-2-064,ドレディア,2-2-064.webp,https://pokemonfrienda.com/new/img/bt2/2-2-064.webp,188,108,54,66,55,66,2,くさ,マジカルリーフ,くさ,,2,,ベストタッグ2だん
2-2-065,ヒドイデ,2-2-065.webp,https://pokemonfrienda.com/new/img/bt2/2-2-065.webp,120,84,44,50,36,49,2,"みず, どく",アシッドボム,どく,,2,,ベストタッグ2だん
2-2-066,ドヒドイデ,2-2-066.webp,https://pokemonfrienda.com/new/img/bt2/2-2-066.webp,192,92,56,129,48,121,2,"どく, みず",ベノムショック,どく,,2,,ベストタッグ2だん
2-2-067,コソクムシ,2-2-067.webp,https://pokemonfrienda.com/new/img/bt2/2-2-067.webp,96,65,30,34,19,27,2,むし,むしのていこう,むし,,2,,ベストタッグ2だん
2-2-068,グソクムシャ,2-2-068.webp,https://pokemonfrienda.com/new/img/bt2/2-2-068.webp,204,112,107,119,54,78,3,"むし, みず",ミサイルばり,むし,,3,,ベストタッグ2だん
2-2-069,カモネギ,2-2-069.webp,https://pokemonfrienda.com/new/img/bt2/2-2-069.webp,192,93,78,50,52,55,2,ひこう,つばめがえし,ひこう,,2,,ベストタッグ2だん
2-2-070,ヤミラミ,2-2-070.webp,https://pokemonfrienda.com/new/img/bt2/2-2-070.webp,156,92,66,66,58,58,2,"ゴースト, あく",たたりめ,ゴースト,,2,,ベストタッグ2だん
2-1-026,チコリータ,2-1-026.webp,https://pokemonfrienda.com/new/img/bt1/2-1-026.webp,116,76,39,50,39,50,2,くさ,くさわけ,くさ,,2,,ベストタッグ1だん
2-1-027,ベイリーフ,2-1-027.webp,https://pokemonfrienda.com/new/img/bt1/2-1-027.webp,140,87,48,61,49,51,2,くさ,はっぱカッター,くさ,,2,,ベストタッグ1だん
2-1-028,メガニウム,2-1-028.webp,https://pokemonfrienda.com/new/img/bt1/2-1-028.webp,192,111,88,83,88,83,3,くさ,マジカルリーフ,くさ,,3,,ベストタッグ1だん
2-1-029,ヒノアラシ,2-1-029.webp,https://pokemonfrienda.com/new/img/bt1/2-1-029.webp,116,72,41,35,47,40,2,ほのお,ひのこ,ほのお,,2,,ベストタッグ1だん
2-1-030,マグマラシ,2-1-030.webp,https://pokemonfrienda.com/new/img/bt1/2-1-030.webp,140,85,49,45,81,50,2,ほのお,かえんぐるま,ほのお,,2,,ベストタッグ1だん
2-1-031,バクフーン,2-1-031.webp,https://pokemonfrienda.com/new/img/bt1/2-1-031.webp,196,109,70,65,90,71,3,ほのお,しっとのほのお,ほのお,,3,,ベストタッグ1だん
2-1-032,ワニノコ,2-1-032.webp,https://pokemonfrienda.com/new/img/bt1/2-1-032.webp,116,80,50,49,35,38,1,みず,みずでっぽう,みず,,2,,ベストタッグ1だん
2-1-033,アリゲイツ,2-1-033.webp,https://pokemonfrienda.com/new/img/bt1/2-1-033.webp,140,90,81,61,45,49,2,みず,みずのはどう,みず,,2,,ベストタッグ1だん
2-1-034,オーダイル,2-1-034.webp,https://pokemonfrienda.com/new/img/bt1/2-1-034.webp,192,115,86,83,66,69,3,みず,クイックターン,みず,,3,,ベストタッグ1だん
2-1-035,シガロコ,2-1-035.webp,https://pokemonfrienda.com/new/img/bt1/2-1-035.webp,104,73,40,47,26,45,1,むし,むしのていこう,むし,,2,,ベストタッグ1だん
2-1-036,ベラカス,2-1-036.webp,https://pokemonfrienda.com/new/img/bt1/2-1-036.webp,176,107,44,71,84,83,2,エスパー,ザイケコウセン,エスパー,,3,,ベストタッグ1だん
2-1-037,モトトカゲ,2-1-037.webp,https://pokemonfrienda.com/new/img/bt1/2-1-037.webp,184,103,79,55,71,55,2,"ドラゴン, どく",ワイドブレイカー,ドラゴン,,2,,ベストタッグ1だん
2-1-038,キラーメ,2-1-038.webp,https://pokemonfrienda.com/new/img/bt1/2-1-038.webp,124,78,28,34,78,47,2,いわ,アシッドボム,どく,,2,,ベストタッグ1だん
2-1-039,キラフロル,2-1-039.webp,https://pokemonfrienda.com/new/img/bt1/2-1-039.webp,192,113,47,75,106,68,3,"どく, いわ",ベノムショック,どく,,4,,ベストタッグ1だん
2-1-040,キリンリキ,2-1-040.webp,https://pokemonfrienda.com/new/img/bt1/2-1-040.webp,156,94,81,50,66,50,3,ノーマル,ねんりき,エスパー,,3,,ベストタッグ1だん
2-1-041,リキキリン,2-1-041.webp,https://pokemonfrienda.com/new/img/bt1/2-1-041.webp,192,142,75,59,90,59,3,"ノーマル, エスパー",サイケこうせん,エスパー,,3,,ベストタッグ1だん
2-1-042,チャデス,2-1-042.webp,https://pokemonfrienda.com/new/img/bt1/2-1-042.webp,112,73,36,36,56,42,2,"くさ, ゴースト",おどろかす,ゴースト,,2,,ベストタッグ1だん
2-1-043,ヤバソチャ,2-1-043.webp,https://pokemonfrienda.com/new/img/bt1/2-1-043.webp,188,104,51,87,99,87,2,くさ,たたりめ,ゴースト,,4,,ベストタッグ1だん
2-1-044,ピカチュウ,2-1-044.webp,https://pokemonfrienda.com/new/img/bt1/2-1-044.webp,160,93,58,44,54,54,4,でんき,エレキネット,でんき,,4,,ベストタッグ1だん
2-1-045,イーブイ,2-1-045.webp,https://pokemonfrienda.com/new/img/bt1/2-1-045.webp,120,83,43,40,35,50,2,ノーマル,たいあたり,ノーマル,,2,,ベストタッグ1だん
2-1-046,エーフィ,2-1-046.webp,https://pokemonfrienda.com/new/img/bt1/2-1-046.webp,192,99,55,51,106,79,3,エスパー,サイコウセン,エスパー,,2,,ベストタッグ1だん
2-1-047,ブラッキー,2-1-047.webp,https://pokemonfrienda.com/new/img/bt1/2-1-047.webp,192,123,55,90,51,106,2,あく,かみつく,あく,,2,,ベストタッグ1だん
2-1-048,ゴース,2-1-048.webp,https://pokemonfrienda.com/new/img/bt1/2-1-048.webp,116,66,29,26,75,29,3,ゴースト,したでなめる,ゴースト,,2,,ベストタッグ1だん
2-1-049,ゴースト,2-1-049.webp,https://pokemonfrienda.com/new/img/bt1/2-1-049.webp,140,76,40,36,85,43,2,ゴースト,シャドーパンチ,ゴースト,,2,,ベストタッグ1だん
2-1-050,ゲンガー,2-1-050.webp,https://pokemonfrienda.com/new/img/bt1/2-1-050.webp,184,95,55,51,106,83,3,ゴースト,たたりめ,ゴースト,,3,,ベストタッグ1だん
2-1-051,ウリムー,2-1-051.webp,https://pokemonfrienda.com/new/img/bt1/2-1-051.webp,100,80,40,33,26,26,2,"こおり, じめん",どろかけ,じめん,,2,,ベストタッグ1だん
2-1-052,イノムー,2-1-052.webp,https://pokemonfrienda.com/new/img/bt1/2-1-052.webp,156,115,75,61,47,47,2,"こおり, じめん",マッドショット,じめん,,2,,ベストタッグ1だん
2-1-053,マンムー,2-1-053.webp,https://pokemonfrienda.com/new/img/bt1/2-1-053.webp,192,134,106,87,59,51,3,"こおり, じめん",じならし,じめん,,2,,ベストタッグ1だん
2-1-054,ラルトス,2-1-054.webp,https://pokemonfrienda.com/new/img/bt1/2-1-054.webp,84,64,22,22,36,29,1,エスパー,チャームボイス,フェアリー,,2,,ベストタッグ1だん
2-1-055,キルリア,2-1-055.webp,https://pokemonfrienda.com/new/img/bt1/2-1-055.webp,104,71,29,29,50,49,3,フェアリー,ドレインキッス,フェアリー,,2,,ベストタッグ1だん
2-1-056,エルレイド,2-1-056.webp,https://pokemonfrienda.com/new/img/bt1/2-1-056.webp,192,102,102,55,55,94,3,"かくとう, エスパー",ローキック,かくとう,,3,,ベストタッグ1だん
2-1-057,アゴジムシ,2-1-057.webp,https://pokemonfrienda.com/new/img/bt1/2-1-057.webp,112,77,48,36,43,36,2,むし,むしのていこう,むし,,2,,ベストタッグ1だん
2-1-058,デンヂムシ,2-1-058.webp,https://pokemonfrienda.com/new/img/bt1/2-1-058.webp,140,84,62,71,49,57,1,むし,とびつく,むし,,2,,ベストタッグ1だん
2-1-059,クワガノン,2-1-059.webp,https://pokemonfrienda.com/new/img/bt1/2-1-059.webp,184,109,59,75,119,63,3,"むし, でんき",むしくい,むし,,3,,ベストタッグ1だん
2-1-060,アローラロコン,2-1-060.webp,https://pokemonfrienda.com/new/img/bt1/2-1-060.webp,112,71,33,33,40,50,2,こおり,こなゆき,こおり,,2,,ベストタッグ1だん
2-1-061,アローラキュウコン,2-1-061.webp,https://pokemonfrienda.com/new/img/bt1/2-1-061.webp,188,105,57,63,68,83,3,"こおり, フェアリー",ドレインキッス,フェアリー,,3,,ベストタッグ1だん
2-1-062,アローラベトベター,2-1-062.webp,https://pokemonfrienda.com/new/img/bt1/2-1-062.webp,120,101,81,40,33,49,2,どく,かみつく,あく,,2,,ベストタッグ1だん
2-1-063,アローラベトベトン,2-1-063.webp,https://pokemonfrienda.com/new/img/bt1/2-1-063.webp,184,130,86,83,55,83,2,"どく, あく",はたきおとす,あく,,3,,ベストタッグ1だん
2-1-064,ノズパス,2-1-064.webp,https://pokemonfrienda.com/new/img/bt1/2-1-064.webp,132,66,36,38,36,38,1,いわ,いわおとし,いわ,,2,,ベストタッグ1だん
2-1-065,ダイノーズ,2-1-065.webp,https://pokemonfrienda.com/new/img/bt1/2-1-065.webp,192,95,47,118,83,122,2,いわ,がんせきふうじ,いわ,,3,,ベストタッグ1だん
2-1-066,コロモリ,2-1-066.webp,https://pokemonfrienda.com/new/img/bt1/2-1-066.webp,116,90,36,35,43,35,3,エスパー,ねんりき,エスパー,,2,,ベストタッグ1だん
2-1-067,ココロモリ,2-1-067.webp,https://pokemonfrienda.com/new/img/bt1/2-1-067.webp,160,101,49,47,65,47,3,"エスパー, ひこう",エアカッター,ひこう,,2,,ベストタッグ1だん
2-1-068,クチート,2-1-068.webp,https://pokemonfrienda.com/new/img/bt1/2-1-068.webp,156,82,74,74,50,50,2,"フェアリー, はがね",アイアンヘッド,はがね,,2,,ベストタッグ1だん
2-1-069,オドリドリ,2-1-069.webp,https://pokemonfrienda.com/new/img/bt1/2-1-069.webp,176,107,68,58,61,59,3,"ほのお, ひこう",エアカッター,ひこう,,2,,ベストタッグ1だん
2-1-070,トゲデマル,2-1-070.webp,https://pokemonfrienda.com/new/img/bt1/2-1-070.webp,164,99,81,54,36,61,2,"でんき, はがね",スパーク,でんき,,2,,ベストタッグ1だん
1-5-026,ツタージャ,1-5-026.webp,https://pokemonfrienda.com/new/img/5/1-5-026.webp,104,70,33,40,33,40,3,くさ,つるのムチ,くさ,,2,,5だん
1-5-027,ジャノビー,1-5-027.webp,https://pokemonfrienda.com/new/img/5/1-5-027.webp,132,80,43,53,43,53,2,くさ,くさわけ,くさ,,2,,5だん
1-5-028,ジャローダ,1-5-028.webp,https://pokemonfrienda.com/new/img/5/1-5-028.webp,176,97,57,71,57,71,3,"くさ, ドラゴン",マジカルリーフ,くさ,,2,,5だん
1-5-029,ポカブ,1-5-029.webp,https://pokemonfrienda.com/new/img/5/1-5-029.webp,104,83,45,33,33,33,1,ほのお,ひのこ,ほのお,,1,,5だん
1-5-030,チャオブー,1-5-030.webp,https://pokemonfrienda.com/new/img/5/1-5-030.webp,132,99,84,40,49,40,2,"ほのお, かくとう",ニトロチャージ,ほのお,,2,,5だん
1-5-031,エンブオー,1-5-031.webp,https://pokemonfrienda.com/new/img/5/1-5-031.webp,176,122,91,50,75,50,2,"ほのお, かくとう",ほのおのパンチ,ほのお,,2,,5だん
1-5-032,ミジュマル,1-5-032.webp,https://pokemonfrienda.com/new/img/5/1-5-032.webp,104,77,40,33,45,39,2,みず,みずでっぽう,みず,,2,,5だん
1-5-033,フタチマル,1-5-033.webp,https://pokemonfrienda.com/new/img/5/1-5-033.webp,132,90,53,43,58,43,2,みず,ひやみず,みず,,2,,5だん
1-5-034,ダイケンキ,1-5-034.webp,https://pokemonfrienda.com/new/img/5/1-5-034.webp,176,111,75,84,80,84,3,みず,みずのはどう,みず,,3,,5だん
1-5-035,ズピカ,1-5-035.webp,https://pokemonfrienda.com/new/img/5/1-5-035.webp,96,81,24,31,42,27,2,でんき,でんきショック,でんき,,2,,5だん
1-5-036,ハラバリー,1-5-036.webp,https://pokemonfrienda.com/new/img/5/1-5-036.webp,164,121,49,88,77,53,4,でんき,エレキネット,でんき,,3,,5だん
1-5-037,オラチフ,1-5-037.webp,https://pokemonfrienda.com/new/img/5/1-5-037.webp,112,80,54,43,30,37,2,あく,しっぺがえし,あく,,1,,5だん
1-5-038,マフィティフ,1-5-038.webp,https://pokemonfrienda.com/new/img/5/1-5-038.webp,168,101,88,68,47,54,3,あく,かみつく,あく,,3,,5だん
1-5-039,ノコッチ,1-5-039.webp,https://pokemonfrienda.com/new/img/5/1-5-039.webp,132,106,49,49,45,45,2,じめん,マッドショット,じめん,,2,,5だん
1-5-040,ノココッチ,1-5-040.webp,https://pokemonfrienda.com/new/img/5/1-5-040.webp,172,132,75,61,64,57,2,じめん,じならし,じめん,,2,,5だん
1-5-041,シャリタツ,1-5-041.webp,https://pokemonfrienda.com/new/img/5/1-5-041.webp,160,92,40,47,69,71,2,"みず, ドラゴン",みずのはどう,みず,,3,,5だん
1-5-042,シャリタツ,1-5-042.webp,https://pokemonfrienda.com/new/img/5/1-5-042.webp,160,92,40,47,39,71,3,"みず, ドラゴン",みずのはどう,みず,,3,,5だん
1-5-043,ピィ,1-5-043.webp,https://pokemonfrienda.com/new/img/5/1-5-043.webp,80,74,21,22,33,40,1,ノーマル,はたく,ノーマル,,1,,5だん
1-5-044,ピッピ,1-5-044.webp,https://pokemonfrienda.com/new/img/5/1-5-044.webp,108,86,33,35,43,45,2,フェアリー,チャームボイス,フェアリー,,2,,5だん
1-5-045,ピクシー,1-5-045.webp,https://pokemonfrienda.com/new/img/5/1-5-045.webp,164,111,54,56,71,58,2,フェアリー,ドレインキッス,フェアリー,,2,,5だん
1-5-046,ワンリキー,1-5-046.webp,https://pokemonfrienda.com/new/img/5/1-5-046.webp,104,86,56,37,27,27,2,かくとう,いわくだき,かくとう,,2,,5だん
1-5-047,ゴーリキー,1-5-047.webp,https://pokemonfrienda.com/new/img/5/1-5-047.webp,128,93,69,49,37,49,2,かくとう,ローキック,かくとう,,2,,5だん
1-5-048,カイリキー,1-5-048.webp,https://pokemonfrienda.com/new/img/5/1-5-048.webp,168,108,96,61,50,54,2,かくとう,かわらわり,かくとう,,2,,5だん
1-5-049,ゴチム,1-5-049.webp,https://pokemonfrienda.com/new/img/5/1-5-049.webp,100,70,24,37,40,45,2,エスパー,はたく,ノーマル,,2,,5だん
1-5-050,ゴチミル,1-5-050.webp,https://pokemonfrienda.com/new/img/5/1-5-050.webp,124,80,33,49,59,53,1,エスパー,ねんりき,エスパー,,2,,5だん
1-5-051,ゴチルゼル,1-5-051.webp,https://pokemonfrienda.com/new/img/5/1-5-051.webp,164,94,43,71,71,82,1,エスパー,サイケこうせん,エスパー,,3,,5だん
1-5-052,ココガラ,1-5-052.webp,https://pokemonfrienda.com/new/img/5/1-5-052.webp,88,66,35,27,25,27,2,ひこう,つつく,ひこう,,2,,5だん
1-5-053,アオガラス,1-5-053.webp,https://pokemonfrienda.com/new/img/5/1-5-053.webp,120,85,47,40,32,40,2,ひこう,つつく,くさ,,1,,5だん
1-5-054,アーマーガア,1-5-054.webp,https://pokemonfrienda.com/new/img/5/1-5-054.webp,164,113,85,78,42,54,3,"はがね, ひこう",はがねのつばさ,はがね,,3,,5だん
1-5-055,ドガース,1-5-055.webp,https://pokemonfrienda.com/new/img/5/1-5-055.webp,112,67,46,65,49,39,2,どく,クリアスモッグ,どく,,,,5だん
1-5-056,マタドガス,1-5-056.webp,https://pokemonfrienda.com/new/img/5/1-5-056.webp,164,90,88,88,64,64,3,どく,ヘドロこうげき,どく,,3,,5だん
1-5-057,タマタマ,1-5-057.webp,https://pokemonfrienda.com/new/img/5/1-5-057.webp,108,80,30,56,43,39,2,"くさ, エスパー",ねんりき,エスパー,,1,,5だん
1-5-058,アローラナッシー,1-5-058.webp,https://pokemonfrienda.com/new/img/5/1-5-058.webp,176,111,78,64,92,67,2,"くさ, ドラゴン",ワイドブレイカー,ドラゴン,,2,,5だん
1-5-059,マネネ,1-5-059.webp,https://pokemonfrienda.com/new/img/5/1-5-059.webp,104,54,21,33,49,52,2,エスパー,ねんりき,エスパー,,2,,5だん
1-5-060,バリヤード,1-5-060.webp,https://pokemonfrienda.com/new/img/5/1-5-060.webp,156,73,36,50,75,69,2,エスパー,サイコこうせん,エスパー,,3,,5だん
1-5-061,テッシード,1-5-061.webp,https://pokemonfrienda.com/new/img/5/1-5-061.webp,104,70,37,63,20,50,2,くさ,メタルクロー,はがね,,2,,5だん
1-5-062,ナットレイ,1-5-062.webp,https://pokemonfrienda.com/new/img/5/1-5-062.webp,164,96,70,96,42,86,2,"くさ, はがね",じならし,じめん,,2,,5だん
1-5-063,ヤブクロン,1-5-063.webp,https://pokemonfrienda.com/new/img/5/1-5-063.webp,112,74,37,44,30,44,2,どく,アシッドボム,どく,,2,,5だん
1-5-064,ダストダス,1-5-064.webp,https://pokemonfrienda.com/new/img/5/1-5-064.webp,160,101,71,62,47,62,2,どく,ヘドロこうげき,どく,,2,,5だん
1-5-065,ヤクデ,1-5-065.webp,https://pokemonfrienda.com/new/img/5/1-5-065.webp,104,74,46,33,37,37,2,"ほのお, むし",ひのこ,ほのお,,2,,5だん
1-5-066,マルヤクデ,1-5-066.webp,https://pokemonfrienda.com/new/img/5/1-5-066.webp,176,115,85,50,68,50,2,"ほのお, むし",かえんぐるま,ほのお,,2,,5だん
1-5-067,ミルタンク,1-5-067.webp,https://pokemonfrienda.com/new/img/5/1-5-067.webp,164,111,81,78,33,54,2,ノーマル,ずつき,ノーマル,,2,,5だん
1-5-068,ルチャブル,1-5-068.webp,https://pokemonfrienda.com/new/img/5/1-5-068.webp,168,99,69,57,55,49,3,"かくとう, ひこう",かわらわり,かくとう,,2,,5だん
1-5-069,ネッコアラ,1-5-069.webp,https://pokemonfrienda.com/new/img/5/1-5-069.webp,160,90,85,50,57,71,2,じめん,じならし,じめん,,2,,5だん
1-5-070,ジジーロン,1-5-070.webp,https://pokemonfrienda.com/new/img/5/1-5-070.webp,164,99,47,64,99,68,2,"ノーマル, ドラゴン",りゅうのいぶき,ドラゴン,,3,,5だん
1-4-026,フシギダネ,1-4-026.webp,https://pokemonfrienda.com/new/img/4/1-4-026.webp,104,68,35,35,45,45,2,くさ,つるのムチ,くさ,,2,,4だん
1-4-027,フシギソウ,1-4-027.webp,https://pokemonfrienda.com/new/img/4/1-4-027.webp,128,78,43,44,54,54,2,くさ,くさわけ,くさ,,2,,4だん
1-4-028,フシギバナ,1-4-028.webp,https://pokemonfrienda.com/new/img/4/1-4-028.webp,168,98,80,81,73,73,2,"くさ, どく",マジカルリーフ,くさ,,3,,4だん
1-4-029,ヒトカゲ,1-4-029.webp,https://pokemonfrienda.com/new/img/4/1-4-029.webp,104,65,37,31,42,36,2,ほのお,ひのこ,ほのお,,2,,4だん
1-4-030,リザード,1-4-030.webp,https://pokemonfrienda.com/new/img/4/1-4-030.webp,124,76,44,40,54,45,2,ほのお,ニトロチャージ,ほのお,,2,,4だん
1-4-031,リザードン,1-4-031.webp,https://pokemonfrienda.com/new/img/4/1-4-031.webp,172,97,82,58,79,62,3,"ほのお, ドラゴン",ほのおのキバ,ほのお,,3,,4だん
1-4-032,ゼニガメ,1-4-032.webp,https://pokemonfrienda.com/new/img/4/1-4-032.webp,104,68,34,45,35,44,2,みず,みずでっぽう,みず,,2,,4だん
1-4-033,カメール,1-4-033.webp,https://pokemonfrienda.com/new/img/4/1-4-033.webp,124,77,44,54,45,54,2,みず,ひやみず,みず,,2,,4だん
1-4-034,カメックス,1-4-034.webp,https://pokemonfrienda.com/new/img/4/1-4-034.webp,172,97,61,73,62,76,3,みず,みずのはどう,みず,,3,,4だん
1-4-035,タマンチュラ,1-4-035.webp,https://pokemonfrienda.com/new/img/4/1-4-035.webp,76,62,30,32,22,29,1,むし,むしのていこう,むし,,2,,4だん
1-4-036,ワナイダー,1-4-036.webp,https://pokemonfrienda.com/new/img/4/1-4-036.webp,136,84,58,67,40,59,2,むし,むしくい,むし,,2,,4だん
1-4-037,パピモッチ,1-4-037.webp,https://pokemonfrienda.com/new/img/4/1-4-037.webp,104,63,39,48,29,39,2,ノーマル,たいあたり,ノーマル,,1,,4だん
1-4-038,バウッツェル,1-4-038.webp,https://pokemonfrienda.com/new/img/4/1-4-038.webp,156,82,58,83,39,59,2,ノーマル,ほしがる,ノーマル,,2,,4だん
1-4-039,カヌチャン,1-4-039.webp,https://pokemonfrienda.com/new/img/4/1-4-039.webp,100,72,32,32,26,44,1,フェアリー,ようせいのかぜ,フェアリー,,2,,4だん
1-4-040,ナカヌチャン,1-4-040.webp,https://pokemonfrienda.com/new/img/4/1-4-040.webp,120,81,39,38,32,55,2,"フェアリー, はがね",ドレインキッス,フェアリー,,2,,4だん
1-4-041,デカヌチャン,1-4-041.webp,https://pokemonfrienda.com/new/img/4/1-4-041.webp,164,101,56,57,52,76,3,"はがね, フェアリー",メタルクロー,はがね,,3,,4だん
1-4-042,ドッコラー,1-4-042.webp,https://pokemonfrienda.com/new/img/4/1-4-042.webp,100,87,54,38,20,28,1,かくとう,はたく,ノーマル,,2,,4だん
1-4-043,ドテッコツ,1-4-043.webp,https://pokemonfrienda.com/new/img/4/1-4-043.webp,124,93,70,57,29,36,2,かくとう,ローキック,かくとう,,2,,4だん
1-4-044,ローブシン,1-4-044.webp,https://pokemonfrienda.com/new/img/4/1-4-044.webp,164,115,100,69,42,49,2,かくとう,かわらわり,かくとう,,2,,4だん
1-4-045,パラス,1-4-045.webp,https://pokemonfrienda.com/new/img/4/1-4-045.webp,96,62,48,39,32,39,1,"くさ, むし",すいとる,くさ,,1,,4だん
1-4-046,パラセクト,1-4-046.webp,https://pokemonfrienda.com/new/img/4/1-4-046.webp,136,84,69,58,45,58,2,"むし, くさ",ギガドレイン,くさ,,2,,4だん
1-4-047,コンパン,1-4-047.webp,https://pokemonfrienda.com/new/img/4/1-4-047.webp,100,78,39,36,29,39,1,むし,とびつく,むし,,2,,4だん
1-4-048,モルフォン,1-4-048.webp,https://pokemonfrienda.com/new/img/4/1-4-048.webp,148,91,49,45,56,56,2,"どく, むし",ベノムショック,どく,,3,,4だん
1-4-049,ドードー,1-4-049.webp,https://pokemonfrienda.com/new/img/4/1-4-049.webp,100,62,57,32,25,26,2,"ノーマル, ひこう",つつく,くさ,,2,,4だん
1-4-050,ドードリオ,1-4-050.webp,https://pokemonfrienda.com/new/img/4/1-4-050.webp,152,84,79,52,45,45,3,ノーマル,みだれづき,ノーマル,,3,,4だん
1-4-051,リリーラ,1-4-051.webp,https://pokemonfrienda.com/new/img/4/1-4-051.webp,112,81,30,52,42,58,1,"くさ, いわ",メガドレイン,くさ,,2,,4だん
1-4-052,ユレイドル,1-4-052.webp,https://pokemonfrienda.com/new/img/4/1-4-052.webp,160,102,60,70,60,77,2,"いわ, くさ",げんしのちから,いわ,,2,,4だん
1-4-053,ミツハニー,1-4-053.webp,https://pokemonfrienda.com/new/img/4/1-4-053.webp,88,59,23,31,23,31,2,むし,かぜおこし,ひこう,,2,,4だん
1-4-054,ビークイン,1-4-054.webp,https://pokemonfrienda.com/new/img/4/1-4-054.webp,156,91,59,74,59,74,3,むし,はかいよるいちげき,むし,,3,,4だん
1-4-055,ムウマ,1-4-055.webp,https://pokemonfrienda.com/new/img/4/1-4-055.webp,132,78,42,42,57,57,2,ゴースト,おどろかす,ゴースト,,2,,4だん
1-4-056,ムウマージ,1-4-056.webp,https://pokemonfrienda.com/new/img/4/1-4-056.webp,160,84,45,45,75,75,3,ゴースト,たたりめ,ゴースト,,3,,4だん
1-4-057,ヤミカラス,1-4-057.webp,https://pokemonfrienda.com/new/img/4/1-4-057.webp,128,78,57,31,57,31,3,あく,ダメおし,あく,,2,,4だん
1-4-058,ドンカラス,1-4-058.webp,https://pokemonfrienda.com/new/img/4/1-4-058.webp,164,112,90,40,75,40,2,"あく, ひこう",ふいうち,あく,,2,,4だん
1-4-059,ウソハチ,1-4-059.webp,https://pokemonfrienda.com/new/img/4/1-4-059.webp,98,72,54,63,11,32,1,いわ,いわおとし,いわ,,2,,4だん
1-4-060,ウソッキー,1-4-060.webp,https://pokemonfrienda.com/new/img/4/1-4-060.webp,140,91,73,83,25,49,2,いわ,いわなだれ,いわ,,2,,4だん
1-4-061,カチコール,1-4-061.webp,https://pokemonfrienda.com/new/img/4/1-4-061.webp,100,75,47,57,24,26,1,こおり,こなゆき,こおり,,2,,4だん
1-4-062,クレベース,1-4-062.webp,https://pokemonfrienda.com/new/img/4/1-4-062.webp,168,108,84,130,34,36,2,こおり,こおりのキバ,こおり,,2,,4だん
1-4-063,クスネ,1-4-063.webp,https://pokemonfrienda.com/new/img/4/1-4-063.webp,88,65,22,22,34,37,1,ノーマル,でんこうせっか,ノーマル,,2,,4だん
1-4-064,フォクスライ,1-4-064.webp,https://pokemonfrienda.com/new/img/4/1-4-064.webp,152,91,44,44,34,37,2,あく,パークアウト,あく,,3,,4だん
1-4-065,ユキハミ,1-4-065.webp,https://pokemonfrienda.com/new/img/4/1-4-065.webp,72,59,20,26,32,29,1,こおり,こなゆき,こおり,,1,,4だん
1-4-066,モスノウ,1-4-066.webp,https://pokemonfrienda.com/new/img/4/1-4-066.webp,156,91,49,45,90,56,2,こおり,オーロラビーム,こおり,,2,,4だん
1-4-067,イーブイ,1-4-067.webp,https://pokemonfrienda.com/new/img/4/1-4-067.webp,11B,81,42,38,35,49,3,ノーマル,ほしがる,ノーマル,,5,,4だん
1-4-068,クチート,1-4-068.webp,https://pokemonfrienda.com/new/img/4/1-4-068.webp,132,78,62,62,42,42,2,"フェアリー, はがね",かみつく,あく,,2,,4だん
1-4-069,デデンネ,1-4-069.webp,https://pokemonfrienda.com/new/img/4/1-4-069.webp,144,88,44,43,50,50,2,"でんき, フェアリー",パラボラチャージ,でんき,,2,,4だん
1-4-070,ダダリン,1-4-070.webp,https://pokemonfrienda.com/new/img/4/1-4-070.webp,168,91,84,73,83,56,3,"くさ, ゴースト",たたりめ,ゴースト,,3,,4だん
1-3-026,ナエトル,1-3-026.webp,https://pokemonfrienda.com/new/img/3/1-3-026.webp,96,68,43,40,30,35,1,くさ,すいとる,くさ,,1,,3だん
1-3-027,ハヤシガメ,1-3-027.webp,https://pokemonfrienda.com/new/img/3/1-3-027.webp,116,80,54,52,35,41,1,くさ,はっぱカッター,くさ,,2,,3だん
1-3-028,ドダイトス,1-3-028.webp,https://pokemonfrienda.com/new/img/3/1-3-028.webp,156,99,72,70,51,57,1,"くさ, じめん",マジカルリーフ,くさ,,2,,3だん
1-3-029,ヒコザル,1-3-029.webp,https://pokemonfrienda.com/new/img/3/1-3-029.webp,92,62,37,28,37,28,2,ほのお,ひのこ,ほのお,,2,,3だん
1-3-030,モウカザル,1-3-030.webp,https://pokemonfrienda.com/new/img/3/1-3-030.webp,118,73,48,34,48,34,3,"ほのお, かくとう",マッハパンチ,かくとう,,2,,3だん
1-3-031,ゴウカザル,1-3-031.webp,https://pokemonfrienda.com/new/img/3/1-3-031.webp,160,88,69,49,69,49,3,"ほのお, かくとう",ローキック,かくとう,,2,,3だん
1-3-032,ポッチャマ,1-3-032.webp,https://pokemonfrienda.com/new/img/3/1-3-032.webp,96,67,33,34,33,34,2,みず,みずでっぽう,みず,,2,,3だん
1-3-033,ポッタイシ,1-3-033.webp,https://pokemonfrienda.com/new/img/3/1-3-033.webp,118,73,41,43,50,47,2,みず,みずのはどう,みず,,2,,3だん
1-3-034,エンペルト,1-3-034.webp,https://pokemonfrienda.com/new/img/3/1-3-034.webp,156,93,58,58,73,67,2,"みず, はがね",バブルこうせん,みず,,3,,3だん
1-3-035,グルトン,1-3-035.webp,https://pokemonfrienda.com/new/img/3/1-3-035.webp,80,68,30,27,24,30,2,ノーマル,たいあたり,ノーマル,,2,,3だん
1-3-036,パフュートン,1-3-036.webp,https://pokemonfrienda.com/new/img/3/1-3-036.webp,148,109,67,51,41,54,2,ノーマル,ずつき,ノーマル,,2,,3だん
1-3-037,マメバッタ,1-3-037.webp,https://pokemonfrienda.com/new/img/3/1-3-037.webp,72,56,30,27,15,19,2,むし,むしのていこう,むし,,2,,3だん
1-3-038,エクスレッグ,1-3-038.webp,https://pokemonfrienda.com/new/img/3/1-3-038.webp,136,85,88,53,37,39,3,"むし, あく",ぶいうち,あく,,3,,3だん
1-3-039,シルシュルー,1-3-039.webp,https://pokemonfrienda.com/new/img/3/1-3-039.webp,88,60,41,24,27,24,2,どく,アシッドボム,どく,,2,,3だん
1-3-040,タギングル,1-3-040.webp,https://pokemonfrienda.com/new/img/3/1-3-040.webp,144,80,63,45,54,49,3,どく,ベノムショック,どく,,3,,3だん
1-3-041,ヒラヒナ,1-3-041.webp,https://pokemonfrienda.com/new/img/3/1-3-041.webp,80,54,24,21,35,21,2,エスパー,ねんりき,エスパー,,2,,3だん
1-3-042,クエスパトラ,1-3-042.webp,https://pokemonfrienda.com/new/img/3/1-3-042.webp,144,99,42,42,87,42,3,エスパー,サイケこうせん,エスパー,,2,,3だん
1-3-043,オトシドリ,1-3-043.webp,https://pokemonfrienda.com/new/img/3/1-3-043.webp,144,84,88,57,42,57,3,"ひこう, あく",はたきおとす,あく,,3,,3だん
1-3-044,パルデアケンタロス,1-3-044.webp,https://pokemonfrienda.com/new/img/3/1-3-044.webp,148,87,73,70,23,48,3,かくとう,にどげり,かくとう,,3,,3だん
1-3-045,ヤドン,1-3-045.webp,https://pokemonfrienda.com/new/img/3/1-3-045.webp,96,88,41,41,27,27,1,みず,ねんりき,エスパー,,2,,3だん
1-3-046,ヤドラン,1-3-046.webp,https://pokemonfrienda.com/new/img/3/1-3-046.webp,148,99,51,73,67,54,2,みず,みずのはどう,みず,,2,,3だん
1-3-047,ヤドキング,1-3-047.webp,https://pokemonfrienda.com/new/img/3/1-3-047.webp,148,99,51,54,67,73,2,みず,サイケこうせん,エスパー,,3,,3だん
1-3-048,ヨーテリー,1-3-048.webp,https://pokemonfrienda.com/new/img/3/1-3-048.webp,68,63,38,30,19,30,2,ノーマル,たいあたり,ノーマル,,2,,3だん
1-3-049,ハーデリア,1-3-049.webp,https://pokemonfrienda.com/new/img/3/1-3-049.webp,10B,74,49,41,24,41,1,ノーマル,りんしょう,ノーマル,,2,,3だん
1-3-050,ムーランド,1-3-050.webp,https://pokemonfrienda.com/new/img/3/1-3-050.webp,148,93,73,60,32,50,1,ノーマル,からげんき,ノーマル,,3,,3だん
1-3-051,ププリン,1-3-051.webp,https://pokemonfrienda.com/new/img/3/1-3-051.webp,72,88,21,13,27,18,2,フェアリー,チャームボイス,フェアリー,,2,,3だん
1-3-052,プリン,1-3-052.webp,https://pokemonfrienda.com/new/img/3/1-3-052.webp,84,102,30,16,30,19,2,フェアリー,ドレインキッス,フェアリー,,2,,3だん
1-3-053,プクリン,1-3-053.webp,https://pokemonfrienda.com/new/img/3/1-3-053.webp,132,127,48,32,57,36,2,フェアリー,スピードスター,ノーマル,,3,,3だん
1-3-054,リオル,1-3-054.webp,https://pokemonfrienda.com/new/img/3/1-3-054.webp,88,60,44,27,24,27,2,かくとう,でんこうせっか,ノーマル,,1,,3だん
1-3-055,ルカリオ,1-3-055.webp,https://pokemonfrienda.com/new/img/3/1-3-055.webp,156,84,73,48,75,48,3,"かくとう, はがね",はっけい,かくとう,,3,,3だん
1-3-056,アローラコラッタ,1-3-056.webp,https://pokemonfrienda.com/new/img/3/1-3-056.webp,80,54,36,24,19,24,2,あく,たいあたり,ノーマル,,2,,3だん
1-3-057,アローララッタ,1-3-057.webp,https://pokemonfrienda.com/new/img/3/1-3-057.webp,128,87,49,48,29,54,1,あく,かみつく,あく,,2,,3だん
1-3-058,デルビル,1-3-058.webp,https://pokemonfrienda.com/new/img/3/1-3-058.webp,100,63,38,21,49,39,2,ほのお,ひのこ,ほのお,,2,,3だん
1-3-059,ヘルガー,1-3-059.webp,https://pokemonfrienda.com/new/img/3/1-3-059.webp,148,87,60,36,79,54,3,"あく, ほのお",バークアウト,あく,,3,,3だん
1-3-060,ゴクリン,1-3-060.webp,https://pokemonfrienda.com/new/img/3/1-3-060.webp,92,77,29,34,29,34,1,どく,アシッドボム,どく,,1,,3だん
1-3-061,マルノーム,1-3-061.webp,https://pokemonfrienda.com/new/img/3/1-3-061.webp,140,103,50,56,50,56,1,どく,ヘドロこうげき,どく,,2,,3だん
1-3-062,サボネア,1-3-062.webp,https://pokemonfrienda.com/new/img/3/1-3-062.webp,100,66,52,27,52,27,2,くさ,くさわけ,くさ,,2,,3だん
1-3-063,ノクタス,1-3-063.webp,https://pokemonfrienda.com/new/img/3/1-3-063.webp,144,84,76,42,76,42,2,くさ,はたきおとす,あく,,3,,3だん
1-3-064,ドーミラー,1-3-064.webp,https://pokemonfrienda.com/new/img/3/1-3-064.webp,92,69,18,53,18,53,1,エスパー,ねんりき,エスパー,,1,,3だん
1-3-065,ドータクン,1-3-065.webp,https://pokemonfrienda.com/new/img/3/1-3-065.webp,148,82,60,76,53,76,3,"はがね, エスパー",サイコこうせん,エスパー,,3,,3だん
1-3-066,ガラルポニータ,1-3-066.webp,https://pokemonfrienda.com/new/img/3/1-3-066.webp,116,66,52,35,41,41,2,"エスパー, フェアリー",ねんりき,エスパー,,2,,3だん
1-3-067,ガラルギャロップ,1-3-067.webp,https://pokemonfrienda.com/new/img/3/1-3-067.webp,148,81,67,48,54,54,2,エスパー,サイケこうせん,エスパー,,2,,3だん
1-3-068,タタッコ,1-3-068.webp,https://pokemonfrienda.com/new/img/3/1-3-068.webp,96,66,43,38,33,33,3,かくとう,いわくだき,かくとう,,2,,3だん
1-3-069,オトスパス,1-3-069.webp,https://pokemonfrienda.com/new/img/3/1-3-069.webp,144,90,78,60,48,54,2,かくとう,リベンジ,かくとう,,2,,3だん
1-3-070,タイレーツ,1-3-070.webp,https://pokemonfrienda.com/new/img/3/1-3-070.webp,144,81,87,87,48,42,2,かくとう,かわらわり,かくとう,,2,,3だん
1-2-026,ハリマロン,1-2-026.webp,https://pokemonfrienda.com/new/img/2/1-2-026.webp,92,67,37,40,30,29,2,くさ,つるのムチ,くさ,,2,,2だん
1-2-027,ハリボーグ,1-2-027.webp,https://pokemonfrienda.com/new/img/2/1-2-027.webp,112,69,47,56,35,36,2,くさ,くさわけ,くさ,,2,,2だん
1-2-028,ブリガロン,1-2-028.webp,https://pokemonfrienda.com/new/img/2/1-2-028.webp,148,90,67,75,47,48,2,"くさ, かくとう",ローキック,かくとう,,2,,2だん
1-2-029,フォッコ,1-2-029.webp,https://pokemonfrienda.com/new/img/2/1-2-029.webp,92,58,28,26,38,37,1,ほのお,ひのこ,ほのお,,2,,2だん
1-2-030,テールナー,1-2-030.webp,https://pokemonfrienda.com/new/img/2/1-2-030.webp,112,68,36,36,53,42,2,ほのお,ニトロチャージ,ほのお,,2,,2だん
1-2-031,マフォクシー,1-2-031.webp,https://pokemonfrienda.com/new/img/2/1-2-031.webp,148,82,45,46,71,53,2,"ほのお, エスパー",マジカルフレイム,ほのお,,2,,2だん
1-2-032,ケロマツ,1-2-032.webp,https://pokemonfrienda.com/new/img/2/1-2-032.webp,92,59,35,26,35,28,2,みず,みずでっぽう,みず,,2,,2だん
1-2-033,ゲコガシラ,1-2-033.webp,https://pokemonfrienda.com/new/img/2/1-2-033.webp,112,66,39,33,49,35,2,みず,みずのはどう,みず,,2,,2だん
1-2-034,ゲッコウガ,1-2-034.webp,https://pokemonfrienda.com/new/img/2/1-2-034.webp,148,80,80,43,64,46,3,"みず, あく",たきのぼり,みず,,3,,2だん
1-2-035,パモ,1-2-035.webp,https://pokemonfrienda.com/new/img/2/1-2-035.webp,76,61,32,15,25,18,1,でんき,ほっぺすりすり,でんき,,2,,2だん
1-2-036,パモット,1-2-036.webp,https://pokemonfrienda.com/new/img/2/1-2-036.webp,100,69,45,26,32,28,2,でんき,でんきショック,でんき,,2,,2だん
1-2-037,パーモット,1-2-037.webp,https://pokemonfrienda.com/new/img/2/1-2-037.webp,136,78,71,45,45,39,2,"かくとう, でんき",スパーク,でんき,,2,,2だん
1-2-038,コジオ,1-2-038.webp,https://pokemonfrienda.com/new/img/2/1-2-038.webp,84,66,34,45,29,29,1,いわ,たいあたり,ノーマル,,1,,2だん
1-2-039,ジオヅム,1-2-039.webp,https://pokemonfrienda.com/new/img/2/1-2-039.webp,100,69,37,58,23,40,2,いわ,いわおとし,いわ,,1,,2だん
1-2-040,キョジオーン,1-2-040.webp,https://pokemonfrienda.com/new/img/2/1-2-040.webp,140,97,63,80,31,57,2,いわ,がんせきふうじ,いわ,,2,,2だん
1-2-041,ブロロン,1-2-041.webp,https://pokemonfrienda.com/new/img/2/1-2-041.webp,88,61,42,38,21,29,1,どく,スモッグ,どく,,1,,2だん
1-2-042,ブロロローム,1-2-042.webp,https://pokemonfrienda.com/new/img/2/1-2-042.webp,140,85,74,57,35,49,2,"どく, はがね",ヘドロこうげき,どく,,3,,2だん
1-2-043,ミミズズ,1-2-043.webp,https://pokemonfrienda.com/new/img/2/1-2-043.webp,136,79,54,88,39,39,2,じめん,じならし,じめん,,2,,2だん
1-2-044,ボチ,1-2-044.webp,https://pokemonfrienda.com/new/img/2/1-2-044.webp,88,64,37,37,21,34,1,ゴースト,したでなめる,ゴースト,,2,,2だん
1-2-045,ハカドッグ,1-2-045.webp,https://pokemonfrienda.com/new/img/2/1-2-045.webp,140,80,83,63,34,51,1,ゴースト,たたりめ,ゴースト,,3,,2だん
1-2-046,カラミンゴ,1-2-046.webp,https://pokemonfrienda.com/new/img/2/1-2-046.webp,140,86,71,47,49,42,3,かくとう,にどげり,かくとう,,3,,2だん
1-2-047,ツツケラ,1-2-047.webp,https://pokemonfrienda.com/new/img/2/1-2-047.webp,80,55,45,21,21,21,1,ひこう,つつく,ひこう,,2,,2だん
1-2-048,ケララッパ,1-2-048.webp,https://pokemonfrienda.com/new/img/2/1-2-048.webp,100,66,50,32,25,32,2,ノーマル,アクロバット,ひこう,,2,,2だん
1-2-049,ドデカバシ,1-2-049.webp,https://pokemonfrienda.com/new/img/2/1-2-049.webp,136,85,74,48,48,48,2,ひこう,ついばむ,ひこう,,2,,2だん
1-2-050,ココドラ,1-2-050.webp,https://pokemonfrienda.com/new/img/2/1-2-050.webp,98,64,42,59,26,26,1,はがね,たいあたり,ノーマル,,1,,2だん
1-2-051,コドラ,1-2-051.webp,https://pokemonfrienda.com/new/img/2/1-2-051.webp,118,68,53,80,32,32,2,"いわ, はがね",がんせきふうじ,いわ,,2,,2だん
1-2-052,ボスゴドラ,1-2-052.webp,https://pokemonfrienda.com/new/img/2/1-2-052.webp,148,79,88,109,39,39,2,"はがね, いわ",いわなだれ,いわ,,2,,2だん
1-2-053,チョンチー,1-2-053.webp,https://pokemonfrienda.com/new/img/2/1-2-053.webp,96,77,25,25,35,35,2,"みず, でんき",チャージビーム,でんき,,2,,2だん
1-2-054,ランターン,1-2-054.webp,https://pokemonfrienda.com/new/img/2/1-2-054.webp,132,111,38,38,49,49,2,"みず, でんき",スパーク,でんき,,2,,2だん
1-2-055,カラカラ,1-2-055.webp,https://pokemonfrienda.com/new/img/2/1-2-055.webp,92,64,32,56,26,32,2,じめん,どろかけ,じめん,,5,,2だん
1-2-056,ガラガラ,1-2-056.webp,https://pokemonfrienda.com/new/img/2/1-2-056.webp,124,73,51,68,34,51,2,じめん,じならし,じめん,,2,,2だん
1-2-057,マケンカニ,1-2-057.webp,https://pokemonfrienda.com/new/img/2/1-2-057.webp,96,62,49,35,27,30,2,かくとう,いわくだき,かくとう,,2,,2だん
1-2-058,ケケンカニ,1-2-058.webp,https://pokemonfrienda.com/new/img/2/1-2-058.webp,136,95,81,49,40,49,1,"こおり, かくとう",かわらわり,かくとう,,2,,2だん
1-2-059,ホーホー,1-2-059.webp,https://pokemonfrienda.com/new/img/2/1-2-059.webp,80,69,21,21,24,35,2,"ノーマル, ひこう",つつく,ひこう,,2,,2だん
1-2-060,ヨルノズク,1-2-060.webp,https://pokemonfrienda.com/new/img/2/1-2-060.webp,128,97,34,34,54,50,3,ノーマル,エアカッター,ひこう,,2,,2だん
1-2-061,ヌイコグマ,1-2-061.webp,https://pokemonfrienda.com/new/img/2/1-2-061.webp,98,74,45,32,29,32,2,ノーマル,たいあたり,ノーマル,,1,,2だん
1-2-062,キテルグマ,1-2-062.webp,https://pokemonfrienda.com/new/img/2/1-2-062.webp,140,108,77,51,36,39,2,"かくとう, ノーマル",ローキック,かくとう,,2,,2だん
1-2-063,ゾウドウ,1-2-063.webp,https://pokemonfrienda.com/new/img/2/1-2-063.webp,96,75,48,31,26,31,2,はがね,たいあたり,ノーマル,,2,,2だん
1-2-064,ダイオウドウ,1-2-064.webp,https://pokemonfrienda.com/new/img/2/1-2-064.webp,140,109,80,45,51,45,3,はがね,ふみつけ,ノーマル,,3,,2だん
1-2-065,ヤンチャム,1-2-065.webp,https://pokemonfrienda.com/new/img/2/1-2-065.webp,100,73,49,38,29,30,1,かくとう,つっぱり,かくとう,,1,,2だん
1-2-066,ゴロンダ,1-2-066.webp,https://pokemonfrienda.com/new/img/2/1-2-066.webp,140,94,76,50,45,46,2,かくとう,あてなげ,かくとう,,2,,2だん
1-2-067,エアームド,1-2-067.webp,https://pokemonfrienda.com/new/img/2/1-2-067.webp,132,76,51,86,28,45,2,"はがね, ひこう",はがねのつばさ,はがね,,3,,2だん
1-2-068,パチリス,1-2-068.webp,https://pokemonfrienda.com/new/img/2/1-2-068.webp,120,73,31,45,31,57,2,でんき,スパーク,でんき,,2,,2だん
1-2-069,マッギョ,1-2-069.webp,https://pokemonfrienda.com/new/img/2/1-2-069.webp,132,102,43,53,51,52,2,"じめん, でんき",マッドショット,みず,,2,,2だん
1-2-070,クレッフィ,1-2-070.webp,https://pokemonfrienda.com/new/img/2/1-2-070.webp,132,72,51,57,51,55,3,"はがね, フェアリー",ドレインキッス,フェアリー,,2,,2だん
1-1-026,ニャオハ,1-1-026.webp,https://pokemonfrienda.com/new/img/1/1-1-026.webp,88,56,36,33,28,28,2,くさ,このは,くさ,,2,,1だん
1-1-027,ニャローテ,1-1-027.webp,https://pokemonfrienda.com/new/img/1/1-1-027.webp,108,67,46,37,36,37,2,くさ,くさわけ,くさ,,2,,1だん
1-1-028,マスカーニャ,1-1-028.webp,https://pokemonfrienda.com/new/img/1/1-1-028.webp,144,80,66,44,50,44,3,"くさ, あく",マジカルリーフ,くさ,,3,,1だん
1-1-029,ホゲータ,1-1-029.webp,https://pokemonfrienda.com/new/img/1/1-1-029.webp,68,70,28,35,37,25,2,ほのお,ひのこ,ほのお,,2,,1だん
1-1-030,アチゲータ,1-1-030.webp,https://pokemonfrienda.com/new/img/1/1-1-030.webp,108,78,33,45,51,35,3,ほのお,ニトロチャージ,ほのお,,2,,1だん
1-1-031,ラウドボーン,1-1-031.webp,https://pokemonfrienda.com/new/img/1/1-1-031.webp,144,96,47,61,66,49,3,"ほのお, ゴースト",やきつくす,ほのお,,3,,1だん
1-1-032,クワッス,1-1-032.webp,https://pokemonfrienda.com/new/img/1/1-1-032.webp,88,64,38,28,31,28,2,みず,みずでっぽう,みず,,2,,1だん
1-1-033,ウェルカモ,1-1-033.webp,https://pokemonfrienda.com/new/img/1/1-1-033.webp,108,72,49,38,38,36,2,みず,ひやみず,みず,,2,,1だん
1-1-034,ウェーニバル,1-1-034.webp,https://pokemonfrienda.com/new/img/1/1-1-034.webp,144,85,72,49,52,49,3,"みず, かくとう",みずのはどう,みず,,3,,1だん
1-1-035,フシギダネ,1-1-035.webp,https://pokemonfrienda.com/new/img/1/1-1-035.webp,88,59,30,30,38,38,2,くさ,つるのムチ,くさ,,2,,1だん
1-1-036,フシギソウ,1-1-036.webp,https://pokemonfrienda.com/new/img/1/1-1-036.webp,108,67,37,37,46,46,2,くさ,はっぱカッター,くさ,,2,,1だん
1-1-037,フシギバナ,1-1-037.webp,https://pokemonfrienda.com/new/img/1/1-1-037.webp,140,82,50,51,51,51,2,"くさ, どく",マジカルリーフ,くさ,,2,,1だん
1-1-038,ヒトカゲ,1-1-038.webp,https://pokemonfrienda.com/new/img/1/1-1-038.webp,88,56,32,27,36,31,2,ほのお,ひのこ,ほのお,,2,,1だん
1-1-039,リザード,1-1-039.webp,https://pokemonfrienda.com/new/img/1/1-1-039.webp,108,66,38,35,46,38,2,ほのお,ニトロチャージ,ほのお,,2,,1だん
1-1-040,リザードン,1-1-040.webp,https://pokemonfrienda.com/new/img/1/1-1-040.webp,144,81,52,48,55,52,2,"ほのお, ドラゴン",ほのおのキバ,ほのお,,2,,1だん
1-1-041,ゼニガメ,1-1-041.webp,https://pokemonfrienda.com/new/img/1/1-1-041.webp,88,58,29,38,31,38,2,みず,みずでっぽう,みず,,2,,1だん
1-1-042,カメール,1-1-042.webp,https://pokemonfrienda.com/new/img/1/1-1-042.webp,108,66,37,46,36,46,2,みず,ひやみず,みず,,2,,1だん
1-1-043,カメックス,1-1-043.webp,https://pokemonfrienda.com/new/img/1/1-1-043.webp,144,82,51,61,52,53,3,みず,みずのはどう,みず,,3,,1だん
1-1-044,ミニーブ,1-1-044.webp,https://pokemonfrienda.com/new/img/1/1-1-044.webp,76,57,23,28,35,31,4,くさ,すいとる,くさ,,2,,1だん
1-1-045,オリーニョ,1-1-045.webp,https://pokemonfrienda.com/new/img/1/1-1-045.webp,96,63,32,36,45,45,1,くさ,メガドレイン,くさ,,1,,1だん
1-1-046,オリーヴァ,1-1-046.webp,https://pokemonfrienda.com/new/img/1/1-1-046.webp,140,81,43,55,75,66,2,"くさ, ノーマル",マジカルリーフ,くさ,,2,,1だん
1-1-047,カイデン,1-1-047.webp,https://pokemonfrienda.com/new/img/1/1-1-047.webp,80,56,25,23,39,25,1,"でんき, ひこう",でんきショック,でんき,,1,,1だん
1-1-048,タイカイデン,1-1-048.webp,https://pokemonfrienda.com/new/img/1/1-1-048.webp,136,77,44,38,39,38,2,"でんき, ひこう",エレキネット,でんき,,3,,1だん
1-1-049,アルクジラ,1-1-049.webp,https://pokemonfrienda.com/new/img/1/1-1-049.webp,92,92,40,28,20,25,2,こおり,こおりのつぶて,こおり,,2,,1だん
1-1-050,ハルクジラ,1-1-050.webp,https://pokemonfrienda.com/new/img/1/1-1-050.webp,140,133,68,41,30,35,2,こおり,こおりのキバ,こおり,,2,,1だん
1-1-051,パルデアウパー,1-1-051.webp,https://pokemonfrienda.com/new/img/1/1-1-051.webp,68,64,28,28,18,18,1,じめん,どろかけ,じめん,,2,,1だん
1-1-052,ドオー,1-1-052.webp,https://pokemonfrienda.com/new/img/1/1-1-052.webp,120,110,47,38,30,31,2,"どく, じめん",じならし,じめん,,2,,1だん
1-1-053,ウミディグダ,1-1-053.webp,https://pokemonfrienda.com/new/img/1/1-1-053.webp,7B,41,33,18,29,18,1,みず,みずでっぽう,みず,,2,,1だん
1-1-054,ウミトリオ,1-1-054.webp,https://pokemonfrienda.com/new/img/1/1-1-054.webp,120,57,61,33,33,44,3,みず,みずのはどう,みず,,2,,1だん
1-1-055,ピカチュウ,1-1-055.webp,https://pokemonfrienda.com/new/img/1/1-1-055.webp,96,57,35,27,33,29,4,でんき,スパーク,でんき,,3,,1だん
1-1-056,ポニータ,1-1-056.webp,https://pokemonfrienda.com/new/img/1/1-1-056.webp,108,62,49,33,38,38,2,ほのお,ひのこ,ほのお,,2,,1だん
1-1-057,ギャロップ,1-1-057.webp,https://pokemonfrienda.com/new/img/1/1-1-057.webp,136,74,81,44,49,49,3,ほのお,かえんぐるま,ほのお,,2,,1だん
1-1-058,ヒトデマン,1-1-058.webp,https://pokemonfrienda.com/new/img/1/1-1-058.webp,96,51,28,33,41,33,3,みず,みずでっぽう,みず,,2,,1だん
1-1-059,スターミー,1-1-059.webp,https://pokemonfrienda.com/new/img/1/1-1-059.webp,140,71,47,52,61,52,3,"みず, エスパー",しおみず,みず,,2,,1だん
1-1-060,ルージュラ,1-1-060.webp,https://pokemonfrienda.com/new/img/1/1-1-060.webp,128,74,33,24,66,59,2,こおり,ゆきなだれ,こおり,,2,,1だん
1-1-061,ラプラス,1-1-061.webp,https://pokemonfrienda.com/new/img/1/1-1-061.webp,144,110,52,49,52,58,1,"みず, こおり",ゆきなだれ,こおり,,2,,1だん
1-1-062,ゴマゾウ,1-1-062.webp,https://pokemonfrienda.com/new/img/1/1-1-062.webp,92,82,36,36,25,25,2,じめん,たいあたり,ノーマル,,2,,1だん
1-1-063,ドンファン,1-1-063.webp,https://pokemonfrienda.com/new/img/1/1-1-063.webp,136,88,72,72,38,38,2,じめん,じならし,じめん,,2,,1だん
1-1-064,モンメン,1-1-064.webp,https://pokemonfrienda.com/new/img/1/1-1-064.webp,84,56,19,36,24,31,3,"くさ, フェアリー",すいとる,くさ,,2,,1だん
1-1-065,エルフーン,1-1-065.webp,https://pokemonfrienda.com/new/img/1/1-1-065.webp,132,71,42,52,49,47,3,"くさ, フェアリー",はっぱカッター,くさ,,2,,1だん
1-1-066,ヤトウモリ,1-1-066.webp,https://pokemonfrienda.com/new/img/1/1-1-066.webp,88,60,27,25,41,25,2,"どく, ほのお",ひのこ,ほのお,,2,,1だん
1-1-067,エンニュート,1-1-067.webp,https://pokemonfrienda.com/new/img/1/1-1-067.webp,132,76,40,38,37,38,3,"どく, ほのお",やきつくす,ほのお,,2,,1だん
1-1-068,バクガメス,1-1-068.webp,https://pokemonfrienda.com/new/img/1/1-1-068.webp,132,71,48,80,55,52,2,"ほのお, ドラゴン",やきつくす,ほのお,,3,,1だん
1-1-069,ウッウ,1-1-069.webp,https://pokemonfrienda.com/new/img/1/1-1-069.webp,132,77,52,35,52,38,2,"ひこう, みず",みずのはどう,みず,,2,,1だん
1-1-070,イーブイ,1-1-070.webp,https://pokemonfrienda.com/new/img/1/1-1-070.webp,96,68,35,33,30,41,2,ノーマル,ほしがる,ノーマル,,2,,1だん
2-5-026,ニャオハ,2-5-026.webp,https://pokemonfrienda.com/new/img/bt5/2-5-026.webp,136,87,57,51,43,49,2,くさ,このは,くさ,,2,,その他
2-5-027,ニャローテ,2-5-027.webp,https://pokemonfrienda.com/new/img/bt5/2-5-027.webp,172,105,73,59,55,59,3,くさ,マジカルリーフ,くさ,,3,,その他
2-5-028,マスカーニャ,2-5-028.webp,https://pokemonfrienda.com/new/img/bt5/2-5-028.webp,232,128,108,70,81,70,3,"くさ, あく",つじぎり,あく,,3,,その他
2-5-029,ホゲータ,2-5-029.webp,https://pokemonfrienda.com/new/img/bt5/2-5-029.webp,136,110,43,55,59,39,2,ほのお,ひのこ,ほのお,,2,,その他
2-5-030,アチゲータ,2-5-030.webp,https://pokemonfrienda.com/new/img/bt5/2-5-030.webp,172,122,52,72,62,54,2,ほのお,ニトロチャージ,ほのお,,2,,その他
2-5-031,ラウドボーン,2-5-031.webp,https://pokemonfrienda.com/new/img/bt5/2-5-031.webp,232,154,75,88,108,75,2,"ほのお, ゴースト",やきつくす,ほのお,,3,,その他
2-5-032,クワッス,2-5-032.webp,https://pokemonfrienda.com/new/img/bt5/2-5-032.webp,136,100,60,43,48,43,2,みず,みずでっぽう,みず,,2,,その他
2-5-033,ウェルカモ,2-5-033.webp,https://pokemonfrienda.com/new/img/bt5/2-5-033.webp,172,113,78,60,60,56,3,みず,けたぐり,かくとう,,2,,その他
2-5-034,ウェーニバル,2-5-034.webp,https://pokemonfrienda.com/new/img/bt5/2-5-034.webp,232,136,117,80,84,75,3,"みず, かくとう",かわらわり,かくとう,,3,,その他
2-5-035,ピカチュウ,2-5-035.webp,https://pokemonfrienda.com/new/img/bt5/2-5-035.webp,152,89,56,42,52,42,3,でんき,スパーク,でんき,,3,,その他
2-5-036,イーブイ,2-5-036.webp,https://pokemonfrienda.com/new/img/bt5/2-5-036.webp,144,100,52,48,43,50,2,ノーマル,でんこうせっか,ノーマル,,2,,その他
2-5-037,フシデ,2-5-037.webp,https://pokemonfrienda.com/new/img/bt5/2-5-037.webp,120,78,43,55,30,38,2,どく,どくばり,どく,,2,,その他
2-5-038,ホイーガ,2-5-038.webp,https://pokemonfrienda.com/new/img/bt5/2-5-038.webp,156,87,52,90,39,72,2,むし,ころがる,いわ,,2,,その他
2-5-039,ペンドラー,2-5-039.webp,https://pokemonfrienda.com/new/img/bt5/2-5-039.webp,216,113,89,88,56,68,3,"どく, むし",ミサイルばり,むし,,3,,その他
2-5-040,ベロバー,2-5-040.webp,https://pokemonfrienda.com/new/img/bt5/2-5-040.webp,120,91,43,30,52,39,2,あく,ねこだまし,あく,,2,,その他
2-5-041,ギモー,2-5-041.webp,https://pokemonfrienda.com/new/img/bt5/2-5-041.webp,156,108,56,43,63,52,2,"あく, フェアリー",ダメおし,あく,,2,,その他
2-5-042,オーロンゲ,2-5-042.webp,https://pokemonfrienda.com/new/img/bt5/2-5-042.webp,224,148,117,88,94,75,3,"あく, フェアリー",ぶいうち,あく,,3,,その他
2-5-043,ヒポポタス,2-5-043.webp,https://pokemonfrienda.com/new/img/bt5/2-5-043.webp,144,111,86,72,37,41,2,じめん,すなじごく,じめん,,2,,その他
2-5-044,カバルドン,2-5-044.webp,https://pokemonfrienda.com/new/img/bt5/2-5-044.webp,228,158,110,115,68,72,3,じめん,がんせきふうじ,じめん,,3,,その他
2-5-045,ゴンベ,2-5-045.webp,https://pokemonfrienda.com/new/img/bt5/2-5-045.webp,184,169,78,39,38,38,2,ノーマル,たいあたり,ノーマル,,2,,その他
2-5-046,カビゴン,2-5-046.webp,https://pokemonfrienda.com/new/img/bt5/2-5-046.webp,236,207,108,86,66,108,2,ノーマル,ほしがる,ノーマル,,3,,その他
2-5-047,メリープ,2-5-047.webp,https://pokemonfrienda.com/new/img/bt5/2-5-047.webp,128,100,39,39,60,43,2,でんき,でんきショック,でんき,,2,,その他
2-5-048,モココ,2-5-048.webp,https://pokemonfrienda.com/new/img/bt5/2-5-048.webp,156,113,52,52,73,68,2,でんき,エレキネット,でんき,,2,,その他
2-5-049,デンリュウ,2-5-049.webp,https://pokemonfrienda.com/new/img/bt5/2-5-049.webp,224,141,75,84,113,88,4,でんき,かみなりパンチ,でんき,,4,,その他
2-5-050,ケーシィ,2-5-050.webp,https://pokemonfrienda.com/new/img/bt5/2-5-050.webp,136,74,22,17,95,52,3,エスパー,スピードスター,ノーマル,,2,,その他
2-5-051,ユンゲラー,2-5-051.webp,https://pokemonfrienda.com/new/img/bt5/2-5-051.webp,168,87,35,30,108,85,3,エスパー,サイコカッター,エスパー,,2,,その他
2-5-052,フーディン,2-5-052.webp,https://pokemonfrienda.com/new/img/bt5/2-5-052.webp,220,108,52,47,131,94,3,エスパー,しねんのずつき,エスパー,,3,,その他
2-5-053,マクノシタ,2-5-053.webp,https://pokemonfrienda.com/new/img/bt5/2-5-053.webp,112,114,56,30,22,30,1,かくとう,つっぱり,かくとう,,2,,その他
2-5-054,ハリテヤマ,2-5-054.webp,https://pokemonfrienda.com/new/img/bt5/2-5-054.webp,212,192,117,81,42,81,3,かくとう,はっけい,かくとう,,3,,その他
2-5-055,ココドラ,2-5-055.webp,https://pokemonfrienda.com/new/img/bt5/2-5-055.webp,144,96,65,91,39,39,1,はがね,たいあたり,ノーマル,,2,,その他
2-5-056,コドラ,2-5-056.webp,https://pokemonfrienda.com/new/img/bt5/2-5-056.webp,180,104,82,125,48,48,2,"いわ, はがね",がんせきふうじ,いわ,,2,,その他
2-5-057,ボスゴドラ,2-5-057.webp,https://pokemonfrienda.com/new/img/bt5/2-5-057.webp,232,122,108,174,81,81,2,"はがね, いわ",いわなだれ,いわ,,3,,その他
2-5-058,カチコール,2-5-058.webp,https://pokemonfrienda.com/new/img/bt5/2-5-058.webp,136,100,64,78,32,35,2,こおり,こごえるかぜ,こおり,,2,,その他
2-5-059,クレベース,2-5-059.webp,https://pokemonfrienda.com/new/img/bt5/2-5-059.webp,224,146,114,177,48,48,3,こおり,こおりのキバ,こおり,,3,,その他
2-5-060,タマタマ,2-5-060.webp,https://pokemonfrienda.com/new/img/bt5/2-5-060.webp,140,104,39,73,56,43,3,"くさ, エスパー",ねんりき,エスパー,,2,,その他
2-5-061,アローラナッシー,2-5-061.webp,https://pokemonfrienda.com/new/img/bt5/2-5-061.webp,232,146,103,84,122,75,3,"くさ, ドラゴン",ワイドブレイカー,ドラゴン,,3,,その他
2-5-062,ガラルニャース,2-5-062.webp,https://pokemonfrienda.com/new/img/bt5/2-5-062.webp,132,96,80,52,39,39,2,はがね,メタルクロー,はがね,,2,,その他
2-5-063,ニャイキング,2-5-063.webp,https://pokemonfrienda.com/new/img/bt5/2-5-063.webp,196,122,108,89,62,61,3,はがね,アイアンヘッド,はがね,,3,,その他
2-5-064,バクガメス,2-5-064.webp,https://pokemonfrienda.com/new/img/bt5/2-5-064.webp,212,113,78,131,90,84,2,"ほのお, ドラゴン",やきつくす,ほのお,,3,,その他
2-5-065,イシヘンジン,2-5-065.webp,https://pokemonfrienda.com/new/img/bt5/2-5-065.webp,208,151,122,131,23,23,2,いわ,いわなだれ,いわ,,3,,ベストタッグ5だん
2-5-066,ガラルマッギョ,2-5-066.webp,https://pokemonfrienda.com/new/img/bt5/2-5-066.webp,208,159,81,98,87,83,2,"じめん, はがね",じならし,じめん,,2,,ベストタッグ5だん
2-5-067,バチンウニ,2-5-067.webp,https://pokemonfrienda.com/new/img/bt5/2-5-067.webp,196,102,89,84,90,84,4,でんき,スパーク,でんき,,2,,ベストタッグ5だん
2-5-068,タイレーツ,2-5-068.webp,https://pokemonfrienda.com/new/img/bt5/2-5-068.webp,208,118,99,99,70,61,2,かくとう,かわらわり,かくとう,,2,,ベストタッグ5だん
2-5-069,ウッウ,2-5-069.webp,https://pokemonfrienda.com/new/img/bt5/2-5-069.webp,208,122,84,56,84,84,3,"ひこう, みず",エアカッター,ひこう,,3,,ベストタッグ5だん
2-5-070,オトシドリ,2-5-070.webp,https://pokemonfrienda.com/new/img/bt5/2-5-070.webp,212,122,101,84,81,84,3,"ひこう, あく",どろぼう,あく,,3,,ベストタッグ5だん
